GB PE,SIDE BOARD,G 130,1,"SIDE BOARD - GB PE, DGB PE",BYR26
GB PE,KEY BED,G 130,1,KEY BED - GB PE,HDE52
GB PE,FRONT BEAM,G 130,1,"FRONT BEAM - GB PE, DGB PE",IAH25
GB PE,LEG BLOCK LONG,G 130,1,"LEG BLOCK LONG - GB PE, DGB PE",GTY92
GB PE,LEG BLOCK SHORT,G 130,1,"LEG BLOCK SHORT - GB PE, GN2 PE, DGB PE",HFR93
GB PE,KEY BLOCK R/L,G 150,1,"KEY BLOCK R/L - GB PE, GN2 PE, DGB PE",MHB59
GB PE,KEY SLIP,G 150,1,"KEY SLIP - GB PE, GN2 PE, DGB PE",VGB94
GB PE,TOP STICK LONG,G 200,1,"TOP STICK LONG - GB PE, GN2 PE, DGB PE",WPE85
GB PE,TOP STICK SHORT,G 200,1,"TOP STICK SHORT - GB PE, GN2 PE, DGB PE",UDW57
GB PE,LEG POST,G 200,3,"LEG POST - GB PE, GN2 PE, DGB PE",GJK63
GB PE,LEG GIRDER,G 200,3,"LEG GIRDER - GB PE, DGB PE",KZF17
GB PE,PEDAL BOX,G 200,1,"PEDAL BOX - GB PE, GN2 PE, DGB PE",UBG29
GB PE,PEDAL POST,G 200,2,"PEDAL POST - GB PE, GN2 PE",ITH32
GB PE,MUSIC DESK,G 200,1,"MUSIC DESK - GB PE, GN2 PE, DGB PE",HUU30
GB PE,MUSIC SHELF R/L,G 200,1,"MUSIC SHELF R/L - GB PE, DGB PE",SLA86
GB PE,MUSIC FRONT RAIL,G 200,1,"MUSIC FRONT RAIL - GB PE, GN2 PE, DGB PE",JEH29
GB GN2 PE,SIDE BOARD,G 130,1,SIDE BOARD - GB GN2 PE,IMZ62
GB GN2 PE,KEY BED,G 130,1,KEY BED - GB GN2 PE,FAO28
GB GN2 PE,FRONT BEAM,G 130,1,FRONT BEAM - GB GN2 PE,PSL92
GB GN2 PE,LEG BLOCK LONG,G 130,1,LEG BLOCK LONG - GB GN2 PE,RIK59
GB GN2 PE,LEG BLOCK SHORT,G 130,1,"LEG BLOCK SHORT - GB PE, GN2 PE, DGB PE",HFR93
GB GN2 PE,KEY BLOCK R/L,G 150,1,"KEY BLOCK R/L - GB PE, GN2 PE, DGB PE",MHB59
GB GN2 PE,KEY SLIP,G 150,1,"KEY SLIP - GB PE, GN2 PE, DGB PE",VGB94
GB GN2 PE,TOP STICK LONG,G 200,1,"TOP STICK LONG - GB PE, GN2 PE, DGB PE",WPE85
GB GN2 PE,TOP STICK SHORT,G 200,1,"TOP STICK SHORT - GB PE, GN2 PE, DGB PE",UDW57
GB GN2 PE,MUSIC SELF GUIDE RAIL R/L,G 200,1,MUSIC SELF GUIDE RAIL R/L - GB GN2 PE,RDD13
GB GN2 PE,LEG POST,G 200,3,"LEG POST - GB PE, GN2 PE, DGB PE",GJK63
GB GN2 PE,LEG GIRDER,G 200,3,LEG GIRDER - GB GN2 PE,YTH24
GB GN2 PE,PEDAL BOX,G 200,1,"PEDAL BOX - GB PE, GN2 PE, DGB PE",UBG29
GB GN2 PE,PEDAL POST,G 200,2,"PEDAL POST - GB PE, GN2 PE",ITH32
GB GN2 PE,UPPER BEAM GN2,G 200,1,UPPER BEAM GN2 - GB GN2 PE,DSG44
GB GN2 PE,MUSIC DESK,G 200,1,"MUSIC DESK - GB PE, GN2 PE, DGB PE",HUU30
GB GN2 PE,MUSIC SHELF R/L,G 200,1,MUSIC SHELF R/L - GB GN2 PE,TXY53
GB GN2 PE,MUSIC FRONT RAIL,G 200,1,"MUSIC FRONT RAIL - GB PE, GN2 PE, DGB PE",JEH29
DGB PE,SIDE BOARD,G 130,1,"SIDE BOARD - GB PE, DGB PE",BYR26
DGB PE,KEY BED,G 130,1,KEY BED - DGB PE,BLQ95
DGB PE,FRONT BEAM,G 130,1,"FRONT BEAM - GB PE, DGB PE",IAH25
DGB PE,LEG BLOCK LONG,G 130,1,"LEG BLOCK LONG - GB PE, DGB PE",GTY92
DGB PE,LEG BLOCK SHORT,G 130,1,"LEG BLOCK SHORT - GB PE, GN2 PE, DGB PE",HFR93
DGB PE,KEY BLOCK R/L,G 150,1,"KEY BLOCK R/L - GB PE, GN2 PE, DGB PE",MHB59
DGB PE,KEY SLIP,G 150,1,"KEY SLIP - GB PE, GN2 PE, DGB PE",VGB94
DGB PE,TOP STICK LONG,G 200,1,"TOP STICK LONG - GB PE, GN2 PE, DGB PE",WPE85
DGB PE,TOP STICK SHORT,G 200,1,"TOP STICK SHORT - GB PE, GN2 PE, DGB PE",UDW57
DGB PE,LEG POST,G 200,3,"LEG POST - GB PE, GN2 PE, DGB PE",GJK63
DGB PE,LEG GIRDER,G 200,1,"LEG GIRDER - GB PE, DGB PE",KZF17
DGB PE,LEG GIRDER DGB,G 200,2,LEG GIRDER DGB - DGB PE,HFY82
DGB PE,PEDAL BOX,G 200,1,"PEDAL BOX - GB PE, GN2 PE, DGB PE",UBG29
DGB PE,PEDAL POST DGB,G 200,2,PEDAL POST DGB - DGB PE,MSP77
DGB PE,MUSIC DESK,G 200,1,"MUSIC DESK - GB PE, GN2 PE, DGB PE",HUU30
DGB PE,MUSIC SHELF R/L,G 200,1,"MUSIC SHELF R/L - GB PE, DGB PE",SLA86
DGB PE,MUSIC FRONT RAIL,G 200,1,"MUSIC FRONT RAIL - GB PE, GN2 PE, DGB PE",JEH29
GB PWH,SIDE BOARD,G 130,1,"SIDE BOARD - GB PWH, DGB PWH",GJC58
GB PWH,KEY BED,G 130,1,KEY BED - GB PWH,SXN12
GB PWH,FRONT BEAM,G 130,1,"FRONT BEAM - GB PWH, DGB PWH",WEI99
GB PWH,LEG BLOCK LONG,G 130,1,"LEG BLOCK LONG - GB PWH, DGB PWH",EYL22
GB PWH,LEG BLOCK SHORT,G 130,1,"LEG BLOCK SHORT - GB PWH, GN2 PWH, DGB PWH",KED17
GB PWH,KEY BLOCK R/L,G 150,1,"KEY BLOCK R/L - GB PWH, GN2 PWH, DGB PWH",TKN96
GB PWH,KEY SLIP,G 150,1,"KEY SLIP - GB PWH, GN2 PWH, DGB PWH",CPN91
GB PWH,TOP STICK LONG,G 200,1,"TOP STICK LONG - GB PWH, GN2 PWH, DGB PWH",UNI43
GB PWH,TOP STICK SHORT,G 200,1,"TOP STICK SHORT - GB PWH, GN2 PWH, DGB PWH",XRU54
GB PWH,LEG POST,G 200,3,"LEG POST - GB PWH, GN2 PWH, DGB PWH",HUV42
GB PWH,LEG GIRDER,G 200,3,"LEG GIRDER - GB PWH, DGB PWH",QBN98
GB PWH,LID PROF CUP,G 200,2,"LID PROF CUP - GB PWH, GN2 PWH, DGB PWH",YQL42
GB PWH,PEDAL BOX,G 200,1,"PEDAL BOX - GB PWH, GN2 PWH, DGB PWH",MRH31
GB PWH,PEDAL POST,G 200,2,"PEDAL POST - GB PWH, GN2 PWH",GLO45
GB PWH,MUSIC SUPPORT,G 200,1,"MUSIC SUPPORT - GB PWH, GN2 PWH, DGB PWH",WBK34
GB PWH,MUSIC DESK,G 200,1,"MUSIC DESK - GB PWH, GN2 PWH, DGB PWH",PGO84
GB PWH,MUSIC SHELF R/L,G 200,1,"MUSIC SHELF R/L - GB PWH, DGB PWH",PDA45
GB PWH,MUSIC FRONT RAIL,G 200,1,"MUSIC FRONT RAIL - GB PWH, GN2 PWH, DGB PWH",TJD62
GB GN2 PWH,SIDE BOARD,G 130,1,SIDE BOARD - GB GN2 PWH,EQX77
GB GN2 PWH,KEY BED,G 130,1,KEY BED - GB GN2 PWH,TXQ98
GB GN2 PWH,FRONT BEAM,G 130,1,FRONT BEAM - GB GN2 PWH,HUW84
GB GN2 PWH,LEG BLOCK LONG,G 130,1,LEG BLOCK LONG - GB GN2 PWH,TAG65
GB GN2 PWH,LEG BLOCK SHORT,G 130,1,"LEG BLOCK SHORT - GB PWH, GN2 PWH, DGB PWH",KED17
GB GN2 PWH,KEY BLOCK R/L,G 150,1,"KEY BLOCK R/L - GB PWH, GN2 PWH, DGB PWH",TKN96
GB GN2 PWH,KEY SLIP,G 150,1,"KEY SLIP - GB PWH, GN2 PWH, DGB PWH",CPN91
GB GN2 PWH,TOP STICK LONG,G 200,1,"TOP STICK LONG - GB PWH, GN2 PWH, DGB PWH",UNI43
GB GN2 PWH,TOP STICK SHORT,G 200,1,"TOP STICK SHORT - GB PWH, GN2 PWH, DGB PWH",XRU54
GB GN2 PWH,MUSIC SELF GUIDE RAIL R/L,G 200,1,MUSIC SELF GUIDE RAIL R/L - GB GN2 PWH,VMT49
GB GN2 PWH,LEG POST,G 200,3,"LEG POST - GB PWH, GN2 PWH, DGB PWH",HUV42
GB GN2 PWH,LEG GIRDER,G 200,3,LEG GIRDER - GB GN2 PWH,TJB30
GB GN2 PWH,LID PROF CUP,G 200,2,"LID PROF CUP - GB PWH, GN2 PWH, DGB PWH",YQL42
GB GN2 PWH,PEDAL BOX,G 200,1,"PEDAL BOX - GB PWH, GN2 PWH, DGB PWH",MRH31
GB GN2 PWH,PEDAL POST,G 200,2,"PEDAL POST - GB PWH, GN2 PWH",GLO45
GB GN2 PWH,UPPER BEAM GN2,G 200,1,UPPER BEAM GN2 - GB GN2 PWH,PCH55
GB GN2 PWH,MUSIC SUPPORT,G 200,1,"MUSIC SUPPORT - GB PWH, GN2 PWH, DGB PWH",WBK34
GB GN2 PWH,MUSIC DESK,G 200,1,"MUSIC DESK - GB PWH, GN2 PWH, DGB PWH",PGO84
GB GN2 PWH,MUSIC SHELF R/L,G 200,1,MUSIC SHELF R/L - GB GN2 PWH,AAH90
GB GN2 PWH,MUSIC FRONT RAIL,G 200,1,"MUSIC FRONT RAIL - GB PWH, GN2 PWH, DGB PWH",TJD62
DGB PWH,SIDE BOARD,G 130,1,"SIDE BOARD - GB PWH, DGB PWH",GJC58
DGB PWH,KEY BED,G 130,1,KEY BED - DGB PWH,XEM65
DGB PWH,FRONT BEAM,G 130,1,"FRONT BEAM - GB PWH, DGB PWH",WEI99
DGB PWH,LEG BLOCK LONG,G 130,1,"LEG BLOCK LONG - GB PWH, DGB PWH",EYL22
DGB PWH,LEG BLOCK SHORT,G 130,1,"LEG BLOCK SHORT - GB PWH, GN2 PWH, DGB PWH",KED17
DGB PWH,KEY BLOCK R/L,G 150,1,"KEY BLOCK R/L - GB PWH, GN2 PWH, DGB PWH",TKN96
DGB PWH,KEY SLIP,G 150,1,"KEY SLIP - GB PWH, GN2 PWH, DGB PWH",CPN91
DGB PWH,TOP STICK LONG,G 200,1,"TOP STICK LONG - GB PWH, GN2 PWH, DGB PWH",UNI43
DGB PWH,TOP STICK SHORT,G 200,1,"TOP STICK SHORT - GB PWH, GN2 PWH, DGB PWH",XRU54
DGB PWH,LEG POST,G 200,3,"LEG POST - GB PWH, GN2 PWH, DGB PWH",HUV42
DGB PWH,LEG GIRDER,G 200,1,"LEG GIRDER - GB PWH, DGB PWH",QBN98
DGB PWH,LEG GIRDER DGB,G 200,2,LEG GIRDER DGB - DGB PWH,HRV75
DGB PWH,LID PROF CUP,G 200,2,"LID PROF CUP - GB PWH, GN2 PWH, DGB PWH",YQL42
DGB PWH,PEDAL BOX,G 200,1,"PEDAL BOX - GB PWH, GN2 PWH, DGB PWH",MRH31
DGB PWH,PEDAL POST DGB,G 200,2,PEDAL POST DGB - DGB PWH,TOO97
DGB PWH,MUSIC SUPPORT,G 200,1,"MUSIC SUPPORT - GB PWH, GN2 PWH, DGB PWH",WBK34
DGB PWH,MUSIC DESK,G 200,1,"MUSIC DESK - GB PWH, GN2 PWH, DGB PWH",PGO84
DGB PWH,MUSIC SHELF R/L,G 200,1,"MUSIC SHELF R/L - GB PWH, DGB PWH",PDA45
DGB PWH,MUSIC FRONT RAIL,G 200,1,"MUSIC FRONT RAIL - GB PWH, GN2 PWH, DGB PWH",TJD62
GB PM,SIDE BOARD,G 130,1,"SIDE BOARD - GB PM, DGB PM",GLM35
GB PM,KEY BED,G 130,1,KEY BED - GB PM,HTK34
GB PM,FRONT BEAM,G 130,1,"FRONT BEAM - GB PM, DGB PM",IOZ78
GB PM,LEG BLOCK LONG,G 130,1,"LEG BLOCK LONG - GB PM, DGB PM",MHZ28
GB PM,LEG BLOCK SHORT,G 130,1,"LEG BLOCK SHORT - GB PM, DGB PM",WVE70
GB PM,KEY BLOCK R/L,G 150,1,"KEY BLOCK R/L - GB PM, DGB PM",BUI15
GB PM,KEY SLIP,G 150,1,"KEY SLIP - GB PM, DGB PM",ZXF19
GB PM,TOP STICK LONG,G 200,1,"TOP STICK LONG - GB PM, DGB PM",ATT45
GB PM,TOP STICK SHORT,G 200,1,"TOP STICK SHORT - GB PM, DGB PM",DDX62
GB PM,LEG POST,G 200,3,"LEG POST - GB PM, DGB PM",TDT88
GB PM,LEG GIRDER,G 200,3,"LEG GIRDER - GB PM, DGB PM",QAQ95
GB PM,LID PROF CUP,G 200,2,"LID PROF CUP - GB PM, DGB PM",KEJ25
GB PM,PEDAL BOX,G 200,1,"PEDAL BOX - GB PM, DGB PM",LAP58
GB PM,PEDAL POST,G 200,2,PEDAL POST - GB PM,VTF93
GB PM,MUSIC SUPPORT,G 200,1,"MUSIC SUPPORT - GB PM, DGB PM",DEL78
GB PM,MUSIC DESK,G 200,1,"MUSIC DESK - GB PM, DGB PM",HJP51
GB PM,MUSIC SHELF R/L,G 200,1,"MUSIC SHELF R/L - GB PM, DGB PM",ENE67
GB PM,MUSIC FRONT RAIL,G 200,1,"MUSIC FRONT RAIL - GB PM, DGB PM",FLD28
DGB PM,SIDE BOARD,G 130,1,"SIDE BOARD - GB PM, DGB PM",GLM35
DGB PM,KEY BED,G 130,1,KEY BED - DGB PM,QXH53
DGB PM,FRONT BEAM,G 130,1,"FRONT BEAM - GB PM, DGB PM",IOZ78
DGB PM,LEG BLOCK LONG,G 130,1,"LEG BLOCK LONG - GB PM, DGB PM",MHZ28
DGB PM,LEG BLOCK SHORT,G 130,1,"LEG BLOCK SHORT - GB PM, DGB PM",WVE70
DGB PM,KEY BLOCK R/L,G 150,1,"KEY BLOCK R/L - GB PM, DGB PM",BUI15
DGB PM,KEY SLIP,G 150,1,"KEY SLIP - GB PM, DGB PM",ZXF19
DGB PM,TOP STICK LONG,G 200,1,"TOP STICK LONG - GB PM, DGB PM",ATT45
DGB PM,TOP STICK SHORT,G 200,1,"TOP STICK SHORT - GB PM, DGB PM",DDX62
DGB PM,LEG POST,G 200,3,"LEG POST - GB PM, DGB PM",TDT88
DGB PM,LEG GIRDER,G 200,1,"LEG GIRDER - GB PM, DGB PM",QAQ95
DGB PM,LEG GIRDER DGB,G 200,2,LEG GIRDER DGB - DGB PM,FND71
DGB PM,LID PROF CUP,G 200,2,"LID PROF CUP - GB PM, DGB PM",KEJ25
DGB PM,PEDAL BOX,G 200,1,"PEDAL BOX - GB PM, DGB PM",LAP58
DGB PM,PEDAL POST DGB,G 200,2,PEDAL POST DGB - DGB PM,HII24
DGB PM,MUSIC SUPPORT,G 200,1,"MUSIC SUPPORT - GB PM, DGB PM",DEL78
DGB PM,MUSIC DESK,G 200,1,"MUSIC DESK - GB PM, DGB PM",HJP51
DGB PM,MUSIC SHELF R/L,G 200,1,"MUSIC SHELF R/L - GB PM, DGB PM",ENE67
DGB PM,MUSIC FRONT RAIL,G 200,1,"MUSIC FRONT RAIL - GB PM, DGB PM",FLD28
GB PAW,SIDE BOARD,G 130,1,"SIDE BOARD - GB PAW, DGB PAW",REL72
GB PAW,KEY BED,G 130,1,KEY BED - GB PAW,IAV84
GB PAW,FRONT BEAM,G 130,1,"FRONT BEAM - GB PAW, DGB PAW",NBI79
GB PAW,LEG BLOCK LONG,G 130,1,"LEG BLOCK LONG - GB PAW, DGB PAW",JAI63
GB PAW,LEG BLOCK SHORT,G 130,1,"LEG BLOCK SHORT - GB PAW, DGB PAW",GOS35
GB PAW,KEY BLOCK R/L,G 150,1,"KEY BLOCK R/L - GB PAW, DGB PAW",MZD90
GB PAW,KEY SLIP,G 150,1,"KEY SLIP - GB PAW, DGB PAW",LYP44
GB PAW,TOP STICK LONG,G 200,1,"TOP STICK LONG - GB PAW, DGB PAW",DSJ79
GB PAW,TOP STICK SHORT,G 200,1,"TOP STICK SHORT - GB PAW, DGB PAW",ASK91
GB PAW,LEG POST,G 200,3,"LEG POST - GB PAW, DGB PAW",FXQ40
GB PAW,LEG GIRDER,G 200,3,"LEG GIRDER - GB PAW, DGB PAW",NFR92
GB PAW,LID PROF CUP,G 200,2,"LID PROF CUP - GB PAW, DGB PAW",DLX40
GB PAW,PEDAL BOX,G 200,1,"PEDAL BOX - GB PAW, DGB PAW",WGX34
GB PAW,PEDAL POST,G 200,2,PEDAL POST - GB PAW,KPL22
GB PAW,MUSIC SUPPORT,G 200,1,"MUSIC SUPPORT - GB PAW, DGB PAW",AWD13
GB PAW,MUSIC DESK,G 200,1,"MUSIC DESK - GB PAW, DGB PAW",QUI71
GB PAW,MUSIC SHELF R/L,G 200,1,"MUSIC SHELF R/L - GB PAW, DGB PAW",KPC22
GB PAW,MUSIC FRONT RAIL,G 200,1,"MUSIC FRONT RAIL - GB PAW, DGB PAW",DSL85
DGB PAW,SIDE BOARD,G 130,1,"SIDE BOARD - GB PAW, DGB PAW",REL72
DGB PAW,KEY BED,G 130,1,KEY BED - DGB PAW,LDF59
DGB PAW,FRONT BEAM,G 130,1,"FRONT BEAM - GB PAW, DGB PAW",NBI79
DGB PAW,LEG BLOCK LONG,G 130,1,"LEG BLOCK LONG - GB PAW, DGB PAW",JAI63
DGB PAW,LEG BLOCK SHORT,G 130,1,"LEG BLOCK SHORT - GB PAW, DGB PAW",GOS35
DGB PAW,KEY BLOCK R/L,G 150,1,"KEY BLOCK R/L - GB PAW, DGB PAW",MZD90
DGB PAW,KEY SLIP,G 150,1,"KEY SLIP - GB PAW, DGB PAW",LYP44
DGB PAW,TOP STICK LONG,G 200,1,"TOP STICK LONG - GB PAW, DGB PAW",DSJ79
DGB PAW,TOP STICK SHORT,G 200,1,"TOP STICK SHORT - GB PAW, DGB PAW",ASK91
DGB PAW,LEG POST,G 200,3,"LEG POST - GB PAW, DGB PAW",FXQ40
DGB PAW,LEG GIRDER,G 200,1,"LEG GIRDER - GB PAW, DGB PAW",NFR92
DGB PAW,LEG GIRDER DGB,G 200,2,LEG GIRDER DGB - DGB PAW,IPC23
DGB PAW,LID PROF CUP,G 200,2,"LID PROF CUP - GB PAW, DGB PAW",DLX40
DGB PAW,PEDAL BOX,G 200,1,"PEDAL BOX - GB PAW, DGB PAW",WGX34
DGB PAW,PEDAL POST DGB,G 200,2,PEDAL POST DGB - DGB PAW,NZE84
DGB PAW,MUSIC SUPPORT,G 200,1,"MUSIC SUPPORT - GB PAW, DGB PAW",AWD13
DGB PAW,MUSIC DESK,G 200,1,"MUSIC DESK - GB PAW, DGB PAW",QUI71
DGB PAW,MUSIC SHELF R/L,G 200,1,"MUSIC SHELF R/L - GB PAW, DGB PAW",KPC22
DGB PAW,MUSIC FRONT RAIL,G 200,1,"MUSIC FRONT RAIL - GB PAW, DGB PAW",DSL85
GB FP,SIDE BOARD,G 130,1,SIDE BOARD - GB FP,PHJ39
GB FP,KEY BED,G 130,1,KEY BED - GB FP,SPZ33
GB FP,FRONT BEAM,G 130,1,FRONT BEAM - GB FP,OBP60
GB FP,LEG BLOCK LONG,G 130,1,LEG BLOCK LONG - GB FP,BUT23
GB FP,LEG BLOCK SHORT,G 130,1,LEG BLOCK SHORT - GB FP,CCJ49
GB FP,KEY BLOCK R/L,G 150,1,KEY BLOCK R/L - GB FP,VRW61
GB FP,KEY SLIP,G 150,1,KEY SLIP - GB FP,WEC31
GB FP,TOP STICK LONG,G 200,1,TOP STICK LONG - GB FP,MHU40
GB FP,TOP STICK SHORT,G 200,1,TOP STICK SHORT - GB FP,ZTG75
GB FP,LEG POST,G 200,3,LEG POST - GB FP,OPI11
GB FP,LEG GIRDER,G 200,3,LEG GIRDER - GB FP,XWE71
GB FP,LID PROF CUP,G 200,2,LID PROF CUP - GB FP,SFJ67
GB FP,PEDAL SUPPORT ( FP & G ),G 200,2,PEDAL SUPPORT ( FP & G ) - GB FP,UUK42
GB FP,PEDAL SUPPORT BRACKET  ( FP & G ),G 200,2,PEDAL SUPPORT BRACKET  ( FP & G ) - GB FP,YLR67
GB FP,PEDAL BOX,G 200,1,PEDAL BOX - GB FP,NHP44
GB FP,PEDAL POST,G 200,2,PEDAL POST - GB FP,IRV78
GB FP,BENCH ASSY ( FP & G ),G 200,1,BENCH ASSY ( FP & G ) - GB FP,RPK83
GB FP,MUSIC SUPPORT,G 200,1,MUSIC SUPPORT - GB FP,USV94
GB FP,MUSIC DESK,G 200,1,MUSIC DESK - GB FP,AUZ42
GB FP,MUSIC SHELF R/L,G 200,1,MUSIC SHELF R/L - GB FP,JSR92
GB FP,MUSIC FRONT RAIL,G 200,1,MUSIC FRONT RAIL - GB FP,PXH58
GB G,SIDE BOARD,G 130,1,SIDE BOARD - GB G,QSW52
GB G,KEY BED,G 130,1,KEY BED - GB G,FNJ86
GB G,FRONT BEAM,G 130,1,FRONT BEAM - GB G,RPW84
GB G,LEG BLOCK LONG,G 130,1,LEG BLOCK LONG - GB G,WLD98
GB G,LEG BLOCK SHORT,G 130,1,LEG BLOCK SHORT - GB G,KSB27
GB G,KEY BLOCK R/L,G 150,1,KEY BLOCK R/L - GB G,CJX26
GB G,KEY SLIP,G 150,1,KEY SLIP - GB G,CXN60
GB G,TOP STICK LONG,G 200,1,TOP STICK LONG - GB G,OLD31
GB G,TOP STICK SHORT,G 200,1,TOP STICK SHORT - GB G,SCT57
GB G,LEG POST,G 200,3,LEG POST - GB G,QHI24
GB G,LEG GIRDER,G 200,3,LEG GIRDER - GB G,EKH11
GB G,LID PROF CUP,G 200,2,LID PROF CUP - GB G,YJI58
GB G,PEDAL SUPPORT ( FP & G ),G 200,2,PEDAL SUPPORT ( FP & G ) - GB G,HCA20
GB G,PEDAL SUPPORT BRACKET  ( FP & G ),G 200,2,PEDAL SUPPORT BRACKET  ( FP & G ) - GB G,HZF49
GB G,PEDAL BOX,G 200,1,PEDAL BOX - GB G,QRG56
GB G,PEDAL POST,G 200,2,PEDAL POST - GB G,IYV37
GB G,BENCH ASSY ( FP & G ),G 200,1,BENCH ASSY ( FP & G ) - GB G,PWI82
GB G,MUSIC SUPPORT,G 200,1,MUSIC SUPPORT - GB G,TVI34
GB G,MUSIC DESK,G 200,1,MUSIC DESK - GB G,LJR61
GB G,MUSIC SHELF R/L,G 200,1,MUSIC SHELF R/L - GB G,QQQ48
GB G,MUSIC FRONT RAIL,G 200,1,MUSIC FRONT RAIL - GB G,EZE58
