name_piano,name_cabinet_ori,name_kabinet,gmc_inventory,gmc_c,dest,qty
GB PWH,SIDE BOARD,SIDE BOARD GB PWH,QHF4455,NH12,G130,0
GB PWH,LEG BLOCK SHORT,LEG BLOCK SHORT GB PWH,ZGH4870,TO39,G130,0
GB PWH,FRONT BEAM,FRONT BEAM GB PWH,VOY4831,HA88,G130,0
GB PWH,KEY BED,KEY BED GB PWH,TFL6173,TY65,G130,0
GB PWH,LEG BLOCK LONG,LEG BLOCK LONG GB PWH,HQD7613,ZE72,G130,0
GB PWH,KEY BLOCK R/L,KEY BLOCK R/L GB PWH,HML9078,JS22,G150,0
GB PWH,KEY SLIP,KEY SLIP GB PWH,AWW2648,UX58,G150,0
GB PWH,LEG POST,LEG POST GB PWH,GPX6462,XX61,G200,0
GB PWH,PEDAL POST,PEDAL POST GB PWH,AJR2350,QI21,G200,0
GB PWH,PEDAL BOX,PEDAL BOX GB PWH,BEB6431,RQ63,G200,0
GB PWH,TOP STICK LONG,TOP STICK LONG GB PWH,BKJ2118,CQ81,G200,0
GB PWH,LEG GIRDER,LEG GIRDER GB PWH,MGG2717,PQ73,G200,0
GB PWH,TOP STICK SHORT,TOP STICK SHORT GB PWH,QOE3377,OE78,G200,0
GB PWH,MUSIC DESK,MUSIC DESK GB PWH,NHO1035,IY14,G200,0
GB PWH,MUSIC SHELF R/L,MUSIC SHELF R/L GB PWH,JAE4087,TU46,G200,0
GB PWH,MUSIC FRONT RAIL,MUSIC FRONT RAIL GB PWH,UJS1455,CD32,G200,0
GB PWH,LID PROF CUP,LID PROF CUP GB PWH,MKX9014,NL70,G200,0
GB PWH,MUSIC SUPPORT,MUSIC SUPPORT GB PWH,WLZ8363,QZ69,G200,0
GB PM,SIDE BOARD,SIDE BOARD GB PM,BED9714,OK84,G130,0
GB PM,LEG BLOCK SHORT,LEG BLOCK SHORT GB PM,ZJS3411,TC55,G130,0
GB PM,FRONT BEAM,FRONT BEAM GB PM,JPE6384,EY57,G130,0
GB PM,KEY BED,KEY BED GB PM,PYR1882,FX53,G130,0
GB PM,LEG BLOCK LONG,LEG BLOCK LONG GB PM,OEX6184,SX75,G130,0
GB PM,KEY BLOCK R/L,KEY BLOCK R/L GB PM,KTG7932,PV25,G150,0
GB PM,KEY SLIP,KEY SLIP GB PM,WAF7937,RC67,G150,0
GB PM,LEG POST,LEG POST GB PM,ERP1015,TN57,G200,0
GB PM,PEDAL POST,PEDAL POST GB PM,HGZ5552,CA21,G200,0
GB PM,PEDAL BOX,PEDAL BOX GB PM,RDE6343,TY45,G200,0
GB PM,TOP STICK LONG,TOP STICK LONG GB PM,CSB6676,ZH68,G200,0
GB PM,LEG GIRDER,LEG GIRDER GB PM,ZZE3756,PB85,G200,0
GB PM,TOP STICK SHORT,TOP STICK SHORT GB PM,HQW7050,RT81,G200,0
GB PM,MUSIC DESK,MUSIC DESK GB PM,SMI8463,IN66,G200,0
GB PM,MUSIC SHELF R/L,MUSIC SHELF R/L GB PM,RBD4315,SH11,G200,0
GB PM,MUSIC FRONT RAIL,MUSIC FRONT RAIL GB PM,OBF1127,GO17,G200,0
GB PM,LID PROF CUP,LID PROF CUP GB PM,VZO7776,FA37,G200,0
GB PM,MUSIC SUPPORT,MUSIC SUPPORT GB PM,FNG2991,OB81,G200,0
GB PE,SIDE BOARD,SIDE BOARD GB PE,OKP5935,LM99,G130,0
GB PE,KEY BLOCK R/L,KEY BLOCK R/L GB PE,VGG5163,SV11,G150,0
GB PE,KEY SLIP,KEY SLIP GB PE,ISX3670,IY64,G150,0
GB PE,LEG POST,LEG POST GB PE,TBK8341,UX80,G200,0
GB PE,PEDAL POST,PEDAL POST GB PE,JMR5263,FP28,G200,0
GB PE,LEG BLOCK SHORT,LEG BLOCK SHORT GB PE,QSF5771,TU77,G130,0
GB PE,FRONT BEAM,FRONT BEAM GB PE,NTY6625,CP15,G130,0
GB PE,PEDAL BOX,PEDAL BOX GB PE,DBN3479,TO53,G200,0
GB PE,KEY BED,KEY BED GB PE,BAP7965,GH41,G130,0
GB PE,TOP STICK LONG,TOP STICK LONG GB PE,OCU3045,ZT29,G200,0
GB PE,LEG BLOCK LONG,LEG BLOCK LONG GB PE,ACA2229,XW53,G130,0
GB PE,LEG GIRDER,LEG GIRDER GB PE,NXY2955,DF67,G200,0
GB PE,TOP STICK SHORT,TOP STICK SHORT GB PE,JQT2748,PX35,G200,0
GB PE,MUSIC DESK,MUSIC DESK GB PE,YFD7988,NO65,G200,0
GB PE,MUSIC SHELF R/L,MUSIC SHELF R/L GB PE,GQR5776,JO17,G200,0
GB PE,MUSIC FRONT RAIL,MUSIC FRONT RAIL GB PE,VEK5613,SI59,G200,0
GB PAW,SIDE BOARD,SIDE BOARD GB PAW,AXL1474,NM10,G130,0
GB PAW,LEG BLOCK SHORT,LEG BLOCK SHORT GB PAW,ATF3921,GY98,G130,0
GB PAW,FRONT BEAM,FRONT BEAM GB PAW,GGT9360,FQ98,G130,0
GB PAW,KEY BED,KEY BED GB PAW,SYE7915,TQ98,G130,0
GB PAW,LEG BLOCK LONG,LEG BLOCK LONG GB PAW,XLH6772,YR62,G130,0
GB PAW,KEY BLOCK R/L,KEY BLOCK R/L GB PAW,VAF2669,MN69,G150,0
GB PAW,KEY SLIP,KEY SLIP GB PAW,QOK6637,QO91,G150,0
GB PAW,LEG POST,LEG POST GB PAW,ECZ4065,QV22,G200,0
GB PAW,PEDAL POST,PEDAL POST GB PAW,TOG3392,HX45,G200,0
GB PAW,PEDAL BOX,PEDAL BOX GB PAW,LOI7339,ZI30,G200,0
GB PAW,TOP STICK LONG,TOP STICK LONG GB PAW,MSY3365,ZU76,G200,0
GB PAW,LEG GIRDER,LEG GIRDER GB PAW,LZB8577,RH93,G200,0
GB PAW,TOP STICK SHORT,TOP STICK SHORT GB PAW,WXL8635,RZ71,G200,0
GB PAW,MUSIC DESK,MUSIC DESK GB PAW,LNF1284,LW71,G200,0
GB PAW,MUSIC SHELF R/L,MUSIC SHELF R/L GB PAW,WLJ1399,WQ75,G200,0
GB PAW,MUSIC FRONT RAIL,MUSIC FRONT RAIL GB PAW,PIO4292,BE76,G200,0
GB PAW,LID PROF CUP,LID PROF CUP GB PAW,ZXG9270,MX63,G200,0
GB PAW,MUSIC SUPPORT,MUSIC SUPPORT GB PAW,STC3683,WN89,G200,0
GB GN2 PWH,SIDE BOARD,SIDE BOARD GB GN2 PWH,VGN2983,PU84,G130,0
GB GN2 PWH,FRONT BEAM,FRONT BEAM GB GN2 PWH,SPF1225,DB19,G130,0
GB GN2 PWH,KEY BED,KEY BED GB GN2 PWH,AGF3030,YR44,G130,0
GB GN2 PWH,LEG BLOCK LONG,LEG BLOCK LONG GB GN2 PWH,KGP4142,GP27,G130,0
GB GN2 PWH,LEG GIRDER,LEG GIRDER GB GN2 PWH,QSC4592,QY50,G200,0
GB GN2 PWH,MUSIC SHELF R/L,MUSIC SHELF R/L GB GN2 PWH,VPW4874,FD33,G200,0
GB GN2 PWH,MUSIC SELF GUIDE RAIL R/L,MUSIC SELF GUIDE RAIL R/L GB GN2 PWH,GEK6857,IB66,G200,0
GB GN2 PWH,UPPER BEAM GN2,UPPER BEAM GN2 GB GN2 PWH,LVW6978,RQ28,G200,0
GB GN2 PE,FRONT BEAM,FRONT BEAM GB GN2 PE,NJR4379,PC77,G130,0
GB GN2 PE,KEY BED,KEY BED GB GN2 PE,DPT1171,XI85,G130,0
GB GN2 PE,LEG BLOCK LONG,LEG BLOCK LONG GB GN2 PE,VYR7015,SM88,G130,0
GB GN2 PE,LEG GIRDER,LEG GIRDER GB GN2 PE,IOI8490,OF63,G200,0
GB GN2 PE,MUSIC SELF GUIDE RAIL R/L,MUSIC SELF GUIDE RAIL R/L GB GN2 PE,EIZ2241,HJ96,G200,0
GB GN2 PE,SIDE BOARD,SIDE BOARD GB GN2 PE,CIP3136,DM41,G130,0
GB GN2 PE,UPPER BEAM GN2,UPPER BEAM GN2 GB GN2 PE,FFL4627,DT18,G200,0
GB GN2 PE,MUSIC SHELF R/L,MUSIC SHELF R/L GB GN2 PE,PTW7571,YB15,G200,0
GB G,SIDE BOARD,SIDE BOARD GB G,RYG8577,XT41,G130,0
GB G,LEG BLOCK SHORT,LEG BLOCK SHORT GB G,SAN1644,IV33,G130,0
GB G,FRONT BEAM,FRONT BEAM GB G,NVM6298,EY82,G130,0
GB G,KEY BED,KEY BED GB G,ZBF9675,IN39,G130,0
GB G,LEG BLOCK LONG,LEG BLOCK LONG GB G,KGJ6372,AS66,G130,0
GB G,KEY BLOCK R/L,KEY BLOCK R/L GB G,WKA2863,FB14,G150,0
GB G,KEY SLIP,KEY SLIP GB G,BKD7014,OP56,G150,0
GB G,LEG POST,LEG POST GB G,BOM4193,YO83,G200,0
GB G,PEDAL POST,PEDAL POST GB G,ETS7753,LS88,G200,0
GB G,PEDAL BOX,PEDAL BOX GB G,ABU3179,QZ18,G200,0
GB G,TOP STICK LONG,TOP STICK LONG GB G,HSM1434,SX91,G200,0
GB G,LEG GIRDER,LEG GIRDER GB G,PFY7365,FQ85,G200,0
GB G,TOP STICK SHORT,TOP STICK SHORT GB G,SUG3376,CN43,G200,0
GB G,MUSIC DESK,MUSIC DESK GB G,FWH1082,VG47,G200,0
GB G,MUSIC SHELF R/L,MUSIC SHELF R/L GB G,JEJ3869,NS44,G200,0
GB G,MUSIC FRONT RAIL,MUSIC FRONT RAIL GB G,CTH2926,TU64,G200,0
GB G,LID PROF CUP,LID PROF CUP GB G,VDM6528,US91,G200,0
GB G,MUSIC SUPPORT,MUSIC SUPPORT GB G,YYI3033,MS16,G200,0
GB G,PEDAL SUPPORT ( FP & G ),PEDAL SUPPORT ( FP & G ) GB G,DWF4682,GM44,G200,0
GB G,PEDAL SUPPORT BRACKET  ( FP & G ),PEDAL SUPPORT BRACKET  ( FP & G ) GB G,XHW9727,JT62,G200,0
GB G,BENCH ASSY ( FP & G ),BENCH ASSY ( FP & G ) GB G,UNQ1564,FD94,G200,0
GB FP,SIDE BOARD,SIDE BOARD GB FP,IAB1149,GS77,G130,0
GB FP,LEG BLOCK SHORT,LEG BLOCK SHORT GB FP,ELE7447,UR12,G130,0
GB FP,FRONT BEAM,FRONT BEAM GB FP,VJT1412,AY78,G130,0
GB FP,KEY BED,KEY BED GB FP,FAF6211,BS13,G130,0
GB FP,LEG BLOCK LONG,LEG BLOCK LONG GB FP,YOK4938,UB89,G130,0
GB FP,KEY BLOCK R/L,KEY BLOCK R/L GB FP,XJH4740,TL14,G150,0
GB FP,KEY SLIP,KEY SLIP GB FP,EOP1827,PD11,G150,0
GB FP,LEG POST,LEG POST GB FP,SNC9036,HJ35,G200,0
GB FP,PEDAL POST,PEDAL POST GB FP,AEC1819,AL90,G200,0
GB FP,PEDAL BOX,PEDAL BOX GB FP,TWF9650,BB86,G200,0
GB FP,TOP STICK LONG,TOP STICK LONG GB FP,RYY3752,HX12,G200,0
GB FP,LEG GIRDER,LEG GIRDER GB FP,KVD8889,RO97,G200,0
GB FP,TOP STICK SHORT,TOP STICK SHORT GB FP,DOD1938,WA61,G200,0
GB FP,MUSIC DESK,MUSIC DESK GB FP,YFQ1731,NA98,G200,0
GB FP,MUSIC SHELF R/L,MUSIC SHELF R/L GB FP,EFY4425,AY59,G200,0
GB FP,MUSIC FRONT RAIL,MUSIC FRONT RAIL GB FP,LZS9057,QJ30,G200,0
GB FP,LID PROF CUP,LID PROF CUP GB FP,IOO2336,RC90,G200,0
GB FP,MUSIC SUPPORT,MUSIC SUPPORT GB FP,WZN6544,YN62,G200,0
GB FP,PEDAL SUPPORT ( FP & G ),PEDAL SUPPORT ( FP & G ) GB FP,BZH4842,RL98,G200,0
GB FP,PEDAL SUPPORT BRACKET  ( FP & G ),PEDAL SUPPORT BRACKET  ( FP & G ) GB FP,UMG9989,BL27,G200,0
GB FP,BENCH ASSY ( FP & G ),BENCH ASSY ( FP & G ) GB FP,WMV5941,JD38,G200,0
GB DGB PWH,KEY BED,KEY BED GB DGB PWH,MLY4070,DD22,G130,0
GB DGB PWH,LEG GIRDER DGB,LEG GIRDER DGB GB DGB PWH,DVC9637,CH57,G200,0
GB DGB PWH,PEDAL POST DGB,PEDAL POST DGB GB DGB PWH,YPH4219,DT30,G200,0
GB DGB PM,KEY BED,KEY BED GB DGB PM,IWC2434,JM93,G130,0
GB DGB PM,LEG GIRDER DGB,LEG GIRDER DGB GB DGB PM,NUT8671,IE42,G200,0
GB DGB PM,PEDAL POST DGB,PEDAL POST DGB GB DGB PM,VZR3365,JJ56,G200,0
GB DGB PE,KEY BED,KEY BED GB DGB PE,MVX3433,VI89,G130,0
GB DGB PE,LEG GIRDER DGB,LEG GIRDER DGB GB DGB PE,PWL1248,JC75,G200,0
GB DGB PE,PEDAL POST DGB,PEDAL POST DGB GB DGB PE,QKZ2154,WW70,G200,0
GB DGB PAW,KEY BED,KEY BED GB DGB PAW,LHU4998,WI64,G130,0
GB DGB PAW,LEG GIRDER DGB,LEG GIRDER DGB GB DGB PAW,RTO9947,ND40,G200,0
GB DGB PAW,PEDAL POST DGB,PEDAL POST DGB GB DGB PAW,TMU3955,XP25,G200,0
