GB PE,SIDE BOARD,SIDE BOARD | GB PE,JHEJ,G0
GB PE,KEY BED,KEY BED | GB PE,SPSM,G0
GB PE,FRONT BEAM,FRONT BEAM | GB PE,QRNJ,G0
GB PE,LEG BLOCK LONG,LEG BLOCK LONG | GB PE,ULED,G0
GB PE,LEG BLOCK SHORT,LEG BLOCK SHORT | GB PE,OJEK,G0
GB PE,KEY BLOCK R/L,KEY BLOCK R/L | GB PE,AQMF,G0
GB PE,KEY SLIP,KEY SLIP | GB PE,EXSE,G0
GB PWH,SIDE BOARD,SIDE BOARD | GB PWH,XYPH,G0
GB PWH,KEY BED,KEY BED | GB PWH,HRIC,G0
GB PWH,FRONT BEAM,FRONT BEAM | GB PWH,ADYG,G0
GB PWH,LEG BLOCK LONG,LEG BLOCK LONG | GB PWH,YVDY,G0
GB PWH,LEG BLOCK SHORT,LEG BLOCK SHORT | GB PWH,BYJL,G0
GB PWH,KEY BLOCK R/L,KEY BLOCK R/L | GB PWH,TYIM,G0
GB PWH,KEY SLIP,KEY SLIP | GB PWH,YEZA,G0
GB PM,SIDE BOARD,SIDE BOARD | GB PM,FZPV,G0
GB PM,KEY BED,KEY BED | GB PM,UWIX,G0
GB PM,FRONT BEAM,FRONT BEAM | GB PM,DZQU,G0
GB PM,LEG BLOCK LONG,LEG BLOCK LONG | GB PM,YPZI,G0
GB PM,LEG BLOCK SHORT,LEG BLOCK SHORT | GB PM,RWPE,G0
GB PM,KEY BLOCK R/L,KEY BLOCK R/L | GB PM,PTBL,G0
GB PM,KEY SLIP,KEY SLIP | GB PM,LLAL,G0
GB PAW,SIDE BOARD,SIDE BOARD | GB PAW,KTOE,G0
GB PAW,KEY BED,KEY BED | GB PAW,CXQQ,G0
GB PAW,FRONT BEAM,FRONT BEAM | GB PAW,ZDSU,G0
GB PAW,LEG BLOCK LONG,LEG BLOCK LONG | GB PAW,NYGE,G0
GB PAW,LEG BLOCK SHORT,LEG BLOCK SHORT | GB PAW,NPDT,G0
GB PAW,KEY BLOCK R/L,KEY BLOCK R/L | GB PAW,RSBH,G0
GB PAW,KEY SLIP,KEY SLIP | GB PAW,GPPZ,G0
GB FP,SIDE BOARD,SIDE BOARD | GB FP,MWGJ,G0
GB FP,KEY BED,KEY BED | GB FP,AFKY,G0
GB FP,FRONT BEAM,FRONT BEAM | GB FP,OZTV,G0
GB FP,LEG BLOCK LONG,LEG BLOCK LONG | GB FP,CLNZ,G0
GB FP,LEG BLOCK SHORT,LEG BLOCK SHORT | GB FP,NYTH,G0
GB FP,KEY BLOCK R/L,KEY BLOCK R/L | GB FP,DSWJ,G0
GB FP,KEY SLIP,KEY SLIP | GB FP,JWYD,G0
GB G,SIDE BOARD,SIDE BOARD | GB G,ORNV,G0
GB G,KEY BED,KEY BED | GB G,ASLY,G0
GB G,FRONT BEAM,FRONT BEAM | GB G,NRCQ,G0
GB G,LEG BLOCK LONG,LEG BLOCK LONG | GB G,ADTG,G0
GB G,LEG BLOCK SHORT,LEG BLOCK SHORT | GB G,MTKI,G0
GB G,KEY BLOCK R/L,KEY BLOCK R/L | GB G,RJHQ,G0
GB G,KEY SLIP,KEY SLIP | GB G,HPYG,G0
GB GN2 PE,SIDE BOARD,SIDE BOARD | GB GN2 PE,FIIB,G0
GB GN2 PE,KEY BED,KEY BED | GB GN2 PE,KKPY,G0
GB GN2 PE,FRONT BEAM,FRONT BEAM | GB GN2 PE,UQEW,G0
GB GN2 PE,LEG BLOCK LONG,LEG BLOCK LONG | GB GN2 PE,ZRLT,G0
GB GN2 PE,LEG BLOCK SHORT,LEG BLOCK SHORT | GB GN2 PE,SVRB,G0
GB GN2 PE,KEY BLOCK R/L,KEY BLOCK R/L | GB GN2 PE,WTML,G0
GB GN2 PE,KEY SLIP,KEY SLIP | GB GN2 PE,PDNU,G0
GB GN2 PWH,SIDE BOARD,SIDE BOARD | GB GN2 PWH,GYEJ,G0
GB GN2 PWH,KEY BED,KEY BED | GB GN2 PWH,JGHY,G0
GB GN2 PWH,FRONT BEAM,FRONT BEAM | GB GN2 PWH,DXPB,G0
GB GN2 PWH,LEG BLOCK LONG,LEG BLOCK LONG | GB GN2 PWH,UQJZ,G0
GB GN2 PWH,LEG BLOCK SHORT,LEG BLOCK SHORT | GB GN2 PWH,FNZL,G0
GB GN2 PWH,KEY BLOCK R/L,KEY BLOCK R/L | GB GN2 PWH,IBGG,G0
GB GN2 PWH,KEY SLIP,KEY SLIP | GB GN2 PWH,KLBB,G0
GB PART,SIDE BOARD,SIDE BOARD | GB PART,IAPS,G0
GB PART,KEY BED,KEY BED | GB PART,TAEO,G0
GB PART,FRONT BEAM,FRONT BEAM | GB PART,XPYR,G0
GB PART,LEG BLOCK LONG,LEG BLOCK LONG | GB PART,OSWP,G0
GB PART,LEG BLOCK SHORT,LEG BLOCK SHORT | GB PART,IIMQ,G0
GB PART,KEY BLOCK R/L,KEY BLOCK R/L | GB PART,UIZI,G0
GB PART,KEY SLIP,KEY SLIP | GB PART,CLFX,G0
GB PE,TOP STICK LONG,TOP STICK LONG | GB PE,TLHP,G2
GB PE,TOP STICK SHORT,TOP STICK SHORT | GB PE,ZHLV,G2
GB PE,MUSIC SELF GUIDE RAIL R/L,MUSIC SELF GUIDE RAIL R/L | GB PE,LQET,G2
GB PE,LEG POST,LEG POST | GB PE,GWPB,G2
GB PE,LEG GIRDER,LEG GIRDER | GB PE,WTOZ,G2
GB PE,LEG GIRDER DGB,LEG GIRDER DGB | GB PE,KQGZ,G2
GB PE,LID PROF CUP,LID PROF CUP | GB PE,HCLN,G2
GB PE,PEDAL SUPPORT ( FP & G ),PEDAL SUPPORT ( FP & G ) | GB PE,DHXD,G2
GB PE,PEDAL SUPPORT BRACKET  ( FP & G ),PEDAL SUPPORT BRACKET  ( FP & G ) | GB PE,NNIL,G2
GB PE,PEDAL BOX,PEDAL BOX | GB PE,SCGW,G2
GB PE,PEDAL POST,PEDAL POST | GB PE,NWLX,G2
GB PE,PEDAL POST DGB,PEDAL POST DGB | GB PE,LAGX,G2
GB PE,UPPER BEAM GN2,UPPER BEAM GN2 | GB PE,GRHO,G2
GB PWH,TOP STICK LONG,TOP STICK LONG | GB PWH,ZAXG,G2
GB PWH,TOP STICK SHORT,TOP STICK SHORT | GB PWH,YAZE,G2
GB PWH,MUSIC SELF GUIDE RAIL R/L,MUSIC SELF GUIDE RAIL R/L | GB PWH,VKOT,G2
GB PWH,LEG POST,LEG POST | GB PWH,CCWR,G2
GB PWH,LEG GIRDER,LEG GIRDER | GB PWH,ANPO,G2
GB PWH,LEG GIRDER DGB,LEG GIRDER DGB | GB PWH,AJTZ,G2
GB PWH,LID PROF CUP,LID PROF CUP | GB PWH,BNKQ,G2
GB PWH,PEDAL SUPPORT ( FP & G ),PEDAL SUPPORT ( FP & G ) | GB PWH,SYXM,G2
GB PWH,PEDAL SUPPORT BRACKET  ( FP & G ),PEDAL SUPPORT BRACKET  ( FP & G ) | GB PWH,RYPY,G2
GB PWH,PEDAL BOX,PEDAL BOX | GB PWH,CKTW,G2
GB PWH,PEDAL POST,PEDAL POST | GB PWH,ZLRW,G2
GB PWH,PEDAL POST DGB,PEDAL POST DGB | GB PWH,CHVL,G2
GB PWH,UPPER BEAM GN2,UPPER BEAM GN2 | GB PWH,SNJL,G2
GB PM,TOP STICK LONG,TOP STICK LONG | GB PM,OVLZ,G2
GB PM,TOP STICK SHORT,TOP STICK SHORT | GB PM,JDKM,G2
GB PM,MUSIC SELF GUIDE RAIL R/L,MUSIC SELF GUIDE RAIL R/L | GB PM,JAOA,G2
GB PM,LEG POST,LEG POST | GB PM,DIZV,G2
GB PM,LEG GIRDER,LEG GIRDER | GB PM,EOSS,G2
GB PM,LEG GIRDER DGB,LEG GIRDER DGB | GB PM,XTTX,G2
GB PM,LID PROF CUP,LID PROF CUP | GB PM,IYIB,G2
GB PM,PEDAL SUPPORT ( FP & G ),PEDAL SUPPORT ( FP & G ) | GB PM,DFDE,G2
GB PM,PEDAL SUPPORT BRACKET  ( FP & G ),PEDAL SUPPORT BRACKET  ( FP & G ) | GB PM,VPYU,G2
GB PM,PEDAL BOX,PEDAL BOX | GB PM,BSIX,G2
GB PM,PEDAL POST,PEDAL POST | GB PM,VXTT,G2
GB PM,PEDAL POST DGB,PEDAL POST DGB | GB PM,TLOG,G2
GB PM,UPPER BEAM GN2,UPPER BEAM GN2 | GB PM,FJRH,G2
GB PAW,TOP STICK LONG,TOP STICK LONG | GB PAW,HIDM,G2
GB PAW,TOP STICK SHORT,TOP STICK SHORT | GB PAW,EUBE,G2
GB PAW,MUSIC SELF GUIDE RAIL R/L,MUSIC SELF GUIDE RAIL R/L | GB PAW,FGPH,G2
GB PAW,LEG POST,LEG POST | GB PAW,OOZW,G2
GB PAW,LEG GIRDER,LEG GIRDER | GB PAW,IION,G2
GB PAW,LEG GIRDER DGB,LEG GIRDER DGB | GB PAW,OJPR,G2
GB PAW,LID PROF CUP,LID PROF CUP | GB PAW,NEVL,G2
GB PAW,PEDAL SUPPORT ( FP & G ),PEDAL SUPPORT ( FP & G ) | GB PAW,CGXC,G2
GB PAW,PEDAL SUPPORT BRACKET  ( FP & G ),PEDAL SUPPORT BRACKET  ( FP & G ) | GB PAW,ZEIG,G2
GB PAW,PEDAL BOX,PEDAL BOX | GB PAW,ZGWH,G2
GB PAW,PEDAL POST,PEDAL POST | GB PAW,EZIX,G2
GB PAW,PEDAL POST DGB,PEDAL POST DGB | GB PAW,VGHH,G2
GB PAW,UPPER BEAM GN2,UPPER BEAM GN2 | GB PAW,UTYE,G2
GB FP,TOP STICK LONG,TOP STICK LONG | GB FP,EMVX,G2
GB FP,TOP STICK SHORT,TOP STICK SHORT | GB FP,FPVL,G2
GB FP,MUSIC SELF GUIDE RAIL R/L,MUSIC SELF GUIDE RAIL R/L | GB FP,OMKO,G2
GB FP,LEG POST,LEG POST | GB FP,TYWT,G2
GB FP,LEG GIRDER,LEG GIRDER | GB FP,QLOH,G2
GB FP,LEG GIRDER DGB,LEG GIRDER DGB | GB FP,AECO,G2
GB FP,LID PROF CUP,LID PROF CUP | GB FP,URVN,G2
GB FP,PEDAL SUPPORT ( FP & G ),PEDAL SUPPORT ( FP & G ) | GB FP,DJFL,G2
GB FP,PEDAL SUPPORT BRACKET  ( FP & G ),PEDAL SUPPORT BRACKET  ( FP & G ) | GB FP,YAYE,G2
GB FP,PEDAL BOX,PEDAL BOX | GB FP,BPNC,G2
GB FP,PEDAL POST,PEDAL POST | GB FP,NBFZ,G2
GB FP,PEDAL POST DGB,PEDAL POST DGB | GB FP,FDTC,G2
GB FP,UPPER BEAM GN2,UPPER BEAM GN2 | GB FP,JTTZ,G2
GB G,TOP STICK LONG,TOP STICK LONG | GB G,ODLA,G2
GB G,TOP STICK SHORT,TOP STICK SHORT | GB G,YEGH,G2
GB G,MUSIC SELF GUIDE RAIL R/L,MUSIC SELF GUIDE RAIL R/L | GB G,JGPN,G2
GB G,LEG POST,LEG POST | GB G,KGWO,G2
GB G,LEG GIRDER,LEG GIRDER | GB G,FCXW,G2
GB G,LEG GIRDER DGB,LEG GIRDER DGB | GB G,OYWO,G2
GB G,LID PROF CUP,LID PROF CUP | GB G,OADJ,G2
GB G,PEDAL SUPPORT ( FP & G ),PEDAL SUPPORT ( FP & G ) | GB G,AFHC,G2
GB G,PEDAL SUPPORT BRACKET  ( FP & G ),PEDAL SUPPORT BRACKET  ( FP & G ) | GB G,OPVO,G2
GB G,PEDAL BOX,PEDAL BOX | GB G,BTHX,G2
GB G,PEDAL POST,PEDAL POST | GB G,POAE,G2
GB G,PEDAL POST DGB,PEDAL POST DGB | GB G,PYIP,G2
GB G,UPPER BEAM GN2,UPPER BEAM GN2 | GB G,MXKM,G2
GB GN2 PE,TOP STICK LONG,TOP STICK LONG | GB GN2 PE,TLHP,G2
GB GN2 PE,TOP STICK SHORT,TOP STICK SHORT | GB GN2 PE,ZHLV,G2
GB GN2 PE,MUSIC SELF GUIDE RAIL R/L,MUSIC SELF GUIDE RAIL R/L | GB GN2 PE,WPNY,G2
GB GN2 PE,LEG POST,LEG POST | GB GN2 PE,GWPB,G2
GB GN2 PE,LEG GIRDER,LEG GIRDER | GB GN2 PE,WDSO,G2
GB GN2 PE,LEG GIRDER DGB,LEG GIRDER DGB | GB GN2 PE,YOIH,G2
GB GN2 PE,LID PROF CUP,LID PROF CUP | GB GN2 PE,VELC,G2
GB GN2 PE,PEDAL SUPPORT ( FP & G ),PEDAL SUPPORT ( FP & G ) | GB GN2 PE,FSUJ,G2
GB GN2 PE,PEDAL SUPPORT BRACKET  ( FP & G ),PEDAL SUPPORT BRACKET  ( FP & G ) | GB GN2 PE,MQIZ,G2
GB GN2 PE,PEDAL BOX,PEDAL BOX | GB GN2 PE,SCGW,G2
GB GN2 PE,PEDAL POST,PEDAL POST | GB GN2 PE,NWLX,G2
GB GN2 PE,PEDAL POST DGB,PEDAL POST DGB | GB GN2 PE,QCQJ,G2
GB GN2 PE,UPPER BEAM GN2,UPPER BEAM GN2 | GB GN2 PE,BNXO,G2
GB GN2 PWH,TOP STICK LONG,TOP STICK LONG | GB GN2 PWH,OKXH,G2
GB GN2 PWH,TOP STICK SHORT,TOP STICK SHORT | GB GN2 PWH,JWDI,G2
GB GN2 PWH,MUSIC SELF GUIDE RAIL R/L,MUSIC SELF GUIDE RAIL R/L | GB GN2 PWH,OVMM,G2
GB GN2 PWH,LEG POST,LEG POST | GB GN2 PWH,GNCP,G2
GB GN2 PWH,LEG GIRDER,LEG GIRDER | GB GN2 PWH,SGMB,G2
GB GN2 PWH,LEG GIRDER DGB,LEG GIRDER DGB | GB GN2 PWH,GNAJ,G2
GB GN2 PWH,LID PROF CUP,LID PROF CUP | GB GN2 PWH,YILY,G2
GB GN2 PWH,PEDAL SUPPORT ( FP & G ),PEDAL SUPPORT ( FP & G ) | GB GN2 PWH,FCGE,G2
GB GN2 PWH,PEDAL SUPPORT BRACKET  ( FP & G ),PEDAL SUPPORT BRACKET  ( FP & G ) | GB GN2 PWH,CFPF,G2
GB GN2 PWH,PEDAL BOX,PEDAL BOX | GB GN2 PWH,TYVZ,G2
GB GN2 PWH,PEDAL POST,PEDAL POST | GB GN2 PWH,TZKW,G2
GB GN2 PWH,PEDAL POST DGB,PEDAL POST DGB | GB GN2 PWH,OBZP,G2
GB GN2 PWH,UPPER BEAM GN2,UPPER BEAM GN2 | GB GN2 PWH,LWAQ,G2
GB PART,TOP STICK LONG,TOP STICK LONG | GB PART,IKRA,G2
GB PART,TOP STICK SHORT,TOP STICK SHORT | GB PART,GNRE,G2
GB PART,MUSIC SELF GUIDE RAIL R/L,MUSIC SELF GUIDE RAIL R/L | GB PART,MYIF,G2
GB PART,LEG POST,LEG POST | GB PART,EBMV,G2
GB PART,LEG GIRDER,LEG GIRDER | GB PART,BZNW,G2
GB PART,LEG GIRDER DGB,LEG GIRDER DGB | GB PART,GPTM,G2
GB PART,LID PROF CUP,LID PROF CUP | GB PART,GZKW,G2
GB PART,PEDAL SUPPORT ( FP & G ),PEDAL SUPPORT ( FP & G ) | GB PART,NLHC,G2
GB PART,PEDAL SUPPORT BRACKET  ( FP & G ),PEDAL SUPPORT BRACKET  ( FP & G ) | GB PART,MGYP,G2
GB PART,PEDAL BOX,PEDAL BOX | GB PART,EMOH,G2
GB PART,PEDAL POST,PEDAL POST | GB PART,DCSS,G2
GB PART,PEDAL POST DGB,PEDAL POST DGB | GB PART,RRFY,G2
GB PART,UPPER BEAM GN2,UPPER BEAM GN2 | GB PART,ADVV,G2
