SIDE BOARD,QHF4455,NH12,G130,0
LEG BLOCK SHORT,ZGH4870,TO39,G130,0
FRONT BEAM,VOY4831,HA88,G130,0
KEY BED,TFL6173,TY65,G130,0
LEG BLOCK LONG,HQD7613,ZE72,G130,0
KEY BLOCK R/L,HML9078,JS22,G150,0
KEY SLIP,AWW2648,UX58,G150,0
LEG POST,GPX6462,XX61,G200,0
PEDAL POST,AJR2350,QI21,G200,0
PEDAL BOX,BEB6431,RQ63,G200,0
TOP STICK LONG,BKJ2118,CQ81,G200,0
LEG GIRDER,MGG2717,PQ73,G200,0
TOP STICK SHORT,QOE3377,OE78,G200,0
MUSIC DESK,NHO1035,IY14,G200,0
MUSIC SHELF R/L,JAE4087,TU46,G200,0
MUSIC FRONT RAIL,UJS1455,CD32,G200,0
LID PROF CUP,MKX9014,NL70,G200,0
MUSIC SUPPORT,WLZ8363,QZ69,G200,0
SIDE BOARD,BED9714,OK84,G130,0
LEG BLOCK SHORT,ZJS3411,TC55,G130,0
FRONT BEAM,JPE6384,EY57,G130,0
KEY BED,PYR1882,FX53,G130,0
LEG BLOCK LONG,OEX6184,SX75,G130,0
KEY BLOCK R/L,KTG7932,PV25,G150,0
KEY SLIP,WAF7937,RC67,G150,0
LEG POST,ERP1015,TN57,G200,0
PEDAL POST,HGZ5552,CA21,G200,0
PEDAL BOX,RDE6343,TY45,G200,0
TOP STICK LONG,CSB6676,ZH68,G200,0
LEG GIRDER,ZZE3756,PB85,G200,0
TOP STICK SHORT,HQW7050,RT81,G200,0
MUSIC DESK,SMI8463,IN66,G200,0
MUSIC SHELF R/L,RBD4315,SH11,G200,0
MUSIC FRONT RAIL,OBF1127,GO17,G200,0
LID PROF CUP,VZO7776,FA37,G200,0
MUSIC SUPPORT,FNG2991,OB81,G200,0
SIDE BOARD,OKP5935,LM99,G130,0
KEY BLOCK R/L,VGG5163,SV11,G150,0
KEY SLIP,ISX3670,IY64,G150,0
LEG POST,TBK8341,UX80,G200,0
PEDAL POST,JMR5263,FP28,G200,0
LEG BLOCK SHORT,QSF5771,TU77,G130,0
FRONT BEAM,NTY6625,CP15,G130,0
PEDAL BOX,DBN3479,TO53,G200,0
KEY BED,BAP7965,GH41,G130,0
TOP STICK LONG,OCU3045,ZT29,G200,0
LEG BLOCK LONG,ACA2229,XW53,G130,0
LEG GIRDER,NXY2955,DF67,G200,0
TOP STICK SHORT,JQT2748,PX35,G200,0
MUSIC DESK,YFD7988,NO65,G200,0
MUSIC SHELF R/L,GQR5776,JO17,G200,0
MUSIC FRONT RAIL,VEK5613,SI59,G200,0
SIDE BOARD,AXL1474,NM10,G130,0
LEG BLOCK SHORT,ATF3921,GY98,G130,0
FRONT BEAM,GGT9360,FQ98,G130,0
KEY BED,SYE7915,TQ98,G130,0
LEG BLOCK LONG,XLH6772,YR62,G130,0
KEY BLOCK R/L,VAF2669,MN69,G150,0
KEY SLIP,QOK6637,QO91,G150,0
LEG POST,ECZ4065,QV22,G200,0
PEDAL POST,TOG3392,HX45,G200,0
PEDAL BOX,LOI7339,ZI30,G200,0
TOP STICK LONG,MSY3365,ZU76,G200,0
LEG GIRDER,LZB8577,RH93,G200,0
TOP STICK SHORT,WXL8635,RZ71,G200,0
MUSIC DESK,LNF1284,LW71,G200,0
MUSIC SHELF R/L,WLJ1399,WQ75,G200,0
MUSIC FRONT RAIL,PIO4292,BE76,G200,0
LID PROF CUP,ZXG9270,MX63,G200,0
MUSIC SUPPORT,STC3683,WN89,G200,0
SIDE BOARD,VGN2983,PU84,G130,0
FRONT BEAM,SPF1225,DB19,G130,0
KEY BED,AGF3030,YR44,G130,0
LEG BLOCK LONG,KGP4142,GP27,G130,0
LEG GIRDER,QSC4592,QY50,G200,0
MUSIC SHELF R/L,VPW4874,FD33,G200,0
MUSIC SELF GUIDE RAIL R/L,GEK6857,IB66,G200,0
UPPER BEAM GN2,LVW6978,RQ28,G200,0
FRONT BEAM,NJR4379,PC77,G130,0
KEY BED,DPT1171,XI85,G130,0
LEG BLOCK LONG,VYR7015,SM88,G130,0
LEG GIRDER,IOI8490,OF63,G200,0
MUSIC SELF GUIDE RAIL R/L,EIZ2241,HJ96,G200,0
SIDE BOARD,CIP3136,DM41,G130,0
UPPER BEAM GN2,FFL4627,DT18,G200,0
MUSIC SHELF R/L,PTW7571,YB15,G200,0
SIDE BOARD,RYG8577,XT41,G130,0
LEG BLOCK SHORT,SAN1644,IV33,G130,0
FRONT BEAM,NVM6298,EY82,G130,0
KEY BED,ZBF9675,IN39,G130,0
LEG BLOCK LONG,KGJ6372,AS66,G130,0
KEY BLOCK R/L,WKA2863,FB14,G150,0
KEY SLIP,BKD7014,OP56,G150,0
LEG POST,BOM4193,YO83,G200,0
PEDAL POST,ETS7753,LS88,G200,0
PEDAL BOX,ABU3179,QZ18,G200,0
TOP STICK LONG,HSM1434,SX91,G200,0
LEG GIRDER,PFY7365,FQ85,G200,0
TOP STICK SHORT,SUG3376,CN43,G200,0
MUSIC DESK,FWH1082,VG47,G200,0
MUSIC SHELF R/L,JEJ3869,NS44,G200,0
MUSIC FRONT RAIL,CTH2926,TU64,G200,0
LID PROF CUP,VDM6528,US91,G200,0
MUSIC SUPPORT,YYI3033,MS16,G200,0
PEDAL SUPPORT ( FP & G ),DWF4682,GM44,G200,0
PEDAL SUPPORT BRACKET  ( FP & G ),XHW9727,JT62,G200,0
BENCH ASSY ( FP & G ),UNQ1564,FD94,G200,0
SIDE BOARD,IAB1149,GS77,G130,0
LEG BLOCK SHORT,ELE7447,UR12,G130,0
FRONT BEAM,VJT1412,AY78,G130,0
KEY BED,FAF6211,BS13,G130,0
LEG BLOCK LONG,YOK4938,UB89,G130,0
KEY BLOCK R/L,XJH4740,TL14,G150,0
KEY SLIP,EOP1827,PD11,G150,0
LEG POST,SNC9036,HJ35,G200,0
PEDAL POST,AEC1819,AL90,G200,0
PEDAL BOX,TWF9650,BB86,G200,0
TOP STICK LONG,RYY3752,HX12,G200,0
LEG GIRDER,KVD8889,RO97,G200,0
TOP STICK SHORT,DOD1938,WA61,G200,0
MUSIC DESK,YFQ1731,NA98,G200,0
MUSIC SHELF R/L,EFY4425,AY59,G200,0
MUSIC FRONT RAIL,LZS9057,QJ30,G200,0
LID PROF CUP,IOO2336,RC90,G200,0
MUSIC SUPPORT,WZN6544,YN62,G200,0
PEDAL SUPPORT ( FP & G ),BZH4842,RL98,G200,0
PEDAL SUPPORT BRACKET  ( FP & G ),UMG9989,BL27,G200,0
BENCH ASSY ( FP & G ),WMV5941,JD38,G200,0
KEY BED,MLY4070,DD22,G130,0
LEG GIRDER DGB,DVC9637,CH57,G200,0
PEDAL POST DGB,YPH4219,DT30,G200,0
KEY BED,IWC2434,JM93,G130,0
LEG GIRDER DGB,NUT8671,IE42,G200,0
PEDAL POST DGB,VZR3365,JJ56,G200,0
KEY BED,MVX3433,VI89,G130,0
LEG GIRDER DGB,PWL1248,JC75,G200,0
PEDAL POST DGB,QKZ2154,WW70,G200,0
KEY BED,LHU4998,WI64,G130,0
LEG GIRDER DGB,RTO9947,ND40,G200,0
PEDAL POST DGB,TMU3955,XP25,G200,0
