GB PE,SIDE BOARD,SIDE BOARD | GB PE,,JHEJ,G0
GB PE,KEY BED,KEY BED | GB PE,,SPSM,G0
GB PE,FRONT BEAM,FRONT BEAM | GB PE,,QRNJ,G0
GB PE,LEG BLOCK LONG,LEG BLOCK LONG | GB PE,,ULED,G0
GB PE,LEG BLOCK SHORT,LEG BLOCK SHORT | GB PE,,OJEK,G0
GB PE,KEY BLOCK R/L,KEY BLOCK R/L | GB PE,,AQMF,G0
GB PE,KEY SLIP,KEY SLIP | GB PE,,EXSE,G0
GB PWH,SIDE BOARD,SIDE BOARD | GB PWH,,XYPH,G0
GB PWH,KEY BED,KEY BED | GB PWH,,HRIC,G0
GB PWH,FRONT BEAM,FRONT BEAM | GB PWH,,ADYG,G0
GB PWH,LEG BLOCK LONG,LEG BLOCK LONG | GB PWH,,YVDY,G0
GB PWH,LEG BLOCK SHORT,LEG BLOCK SHORT | GB PWH,,BYJL,G0
GB PWH,KEY BLOCK R/L,KEY BLOCK R/L | GB PWH,,TYIM,G0
GB PWH,KEY SLIP,KEY SLIP | GB PWH,,YEZA,G0
GB PM,SIDE BOARD,SIDE BOARD | GB PM,,FZPV,G0
GB PM,KEY BED,KEY BED | GB PM,,UWIX,G0
GB PM,FRONT BEAM,FRONT BEAM | GB PM,,DZQU,G0
GB PM,LEG BLOCK LONG,LEG BLOCK LONG | GB PM,,YPZI,G0
GB PM,LEG BLOCK SHORT,LEG BLOCK SHORT | GB PM,,RWPE,G0
GB PM,KEY BLOCK R/L,KEY BLOCK R/L | GB PM,,PTBL,G0
GB PM,KEY SLIP,KEY SLIP | GB PM,,LLAL,G0
GB PAW,SIDE BOARD,SIDE BOARD | GB PAW,,KTOE,G0
GB PAW,KEY BED,KEY BED | GB PAW,,CXQQ,G0
GB PAW,FRONT BEAM,FRONT BEAM | GB PAW,,ZDSU,G0
GB PAW,LEG BLOCK LONG,LEG BLOCK LONG | GB PAW,,NYGE,G0
GB PAW,LEG BLOCK SHORT,LEG BLOCK SHORT | GB PAW,,NPDT,G0
GB PAW,KEY BLOCK R/L,KEY BLOCK R/L | GB PAW,,RSBH,G0
GB PAW,KEY SLIP,KEY SLIP | GB PAW,,GPPZ,G0
GB FP,SIDE BOARD,SIDE BOARD | GB FP,,MWGJ,G0
GB FP,KEY BED,KEY BED | GB FP,,AFKY,G0
GB FP,FRONT BEAM,FRONT BEAM | GB FP,,OZTV,G0
GB FP,LEG BLOCK LONG,LEG BLOCK LONG | GB FP,,CLNZ,G0
GB FP,LEG BLOCK SHORT,LEG BLOCK SHORT | GB FP,,NYTH,G0
GB FP,KEY BLOCK R/L,KEY BLOCK R/L | GB FP,,DSWJ,G0
GB FP,KEY SLIP,KEY SLIP | GB FP,,JWYD,G0
GB G,SIDE BOARD,SIDE BOARD | GB G,,ORNV,G0
GB G,KEY BED,KEY BED | GB G,,ASLY,G0
GB G,FRONT BEAM,FRONT BEAM | GB G,,NRCQ,G0
GB G,LEG BLOCK LONG,LEG BLOCK LONG | GB G,,ADTG,G0
GB G,LEG BLOCK SHORT,LEG BLOCK SHORT | GB G,,MTKI,G0
GB G,KEY BLOCK R/L,KEY BLOCK R/L | GB G,,RJHQ,G0
GB G,KEY SLIP,KEY SLIP | GB G,,HPYG,G0
GB GN2 PE,SIDE BOARD,SIDE BOARD | GB GN2 PE,,FIIB,G0
GB GN2 PE,KEY BED,KEY BED | GB GN2 PE,,KKPY,G0
GB GN2 PE,FRONT BEAM,FRONT BEAM | GB GN2 PE,,UQEW,G0
GB GN2 PE,LEG BLOCK LONG,LEG BLOCK LONG | GB GN2 PE,,ZRLT,G0
GB GN2 PE,KEY BLOCK R/L,KEY BLOCK R/L | GB GN2 PE,,WTML,G0
GB GN2 PE,KEY SLIP,KEY SLIP | GB GN2 PE,,PDNU,G0
GB GN2 PWH,SIDE BOARD,SIDE BOARD | GB GN2 PWH,,GYEJ,G0
GB GN2 PWH,KEY BED,KEY BED | GB GN2 PWH,,JGHY,G0
GB GN2 PWH,FRONT BEAM,FRONT BEAM | GB GN2 PWH,,DXPB,G0
GB GN2 PWH,LEG BLOCK LONG,LEG BLOCK LONG | GB GN2 PWH,,UQJZ,G0
GB GN2 PWH,LEG BLOCK SHORT,LEG BLOCK SHORT | GB GN2 PWH,,FNZL,G0
GB GN2 PWH,KEY BLOCK R/L,KEY BLOCK R/L | GB GN2 PWH,,IBGG,G0
GB GN2 PWH,KEY SLIP,KEY SLIP | GB GN2 PWH,,KLBB,G0
GB PART,KEY BLOCK R/L,KEY BLOCK R/L | GB PART,,UIZI,G0
GB PE,TOP STICK LONG,TOP STICK LONG | GB PE / GB GN2 PE,1,TLHP,G2
GB PE,TOP STICK SHORT,TOP STICK SHORT | GB PE / GB GN2 PE,1,ZHLV,G2
GB PE,LEG POST,LEG POST | GB PE / GN2 PE,1,GWPB,G2
GB PE,LEG GIRDER,LEG GIRDER | GB PE,,WTOZ,G2
GB PE,LEG GIRDER DGB,LEG GIRDER DGB | GB PE,,KQGZ,G2
GB PE,PEDAL BOX,PEDAL BOX | GB PE / GB GN2 PE,1,SCGW,G2
GB PE,PEDAL POST,PEDAL POST | GB PE / GB GN2 PE,1,NWLX,G2
GB PE,PEDAL POST DGB,PEDAL POST DGB | GB PE,,LAGX,G2
GB PWH,TOP STICK LONG,TOP STICK LONG | GB PWH / GN2 PWH,2,ZAXG,G2
GB PWH,TOP STICK SHORT,TOP STICK SHORT | GB PWH / GN2 PWH,2,YAZE,G2
GB PWH,LEG POST,LEG POST | GB PWH / GN2 PWH,2,CCWR,G2
GB PWH,LEG GIRDER,LEG GIRDER | GB PWH,,ANPO,G2
GB PWH,LEG GIRDER DGB,LEG GIRDER DGB | GB PWH,,AJTZ,G2
GB PWH,LID PROF CUP,LID PROF CUP | GB PWH / GN2 PWH,2,BNKQ,G2
GB PWH,PEDAL BOX,PEDAL BOX | GB PWH / GN2 PWH,2,CKTW,G2
GB PWH,PEDAL POST,PEDAL POST | GB PWH / GN2 PWH,2,ZLRW,G2
GB PWH,PEDAL POST DGB,PEDAL POST DGB | GB PWH,,CHVL,G2
GB PM,TOP STICK LONG,TOP STICK LONG | GB PM,,OVLZ,G2
GB PM,TOP STICK SHORT,TOP STICK SHORT | GB PM,,JDKM,G2
GB PM,LEG POST,LEG POST | GB PM,,DIZV,G2
GB PM,LEG GIRDER,LEG GIRDER | GB PM,,EOSS,G2
GB PM,LEG GIRDER DGB,LEG GIRDER DGB | GB PM,,XTTX,G2
GB PM,LID PROF CUP,LID PROF CUP | GB PM,,IYIB,G2
GB PM,PEDAL BOX,PEDAL BOX | GB PM,,BSIX,G2
GB PM,PEDAL POST,PEDAL POST | GB PM,,VXTT,G2
GB PM,PEDAL POST DGB,PEDAL POST DGB | GB PM,,TLOG,G2
GB PAW,TOP STICK LONG,TOP STICK LONG | GB PAW,,HIDM,G2
GB PAW,TOP STICK SHORT,TOP STICK SHORT | GB PAW,,EUBE,G2
GB PAW,LEG POST,LEG POST | GB PAW,,OOZW,G2
GB PAW,LEG GIRDER,LEG GIRDER | GB PAW,,IION,G2
GB PAW,LEG GIRDER DGB,LEG GIRDER DGB | GB PAW,,OJPR,G2
GB PAW,LID PROF CUP,LID PROF CUP | GB PAW,,NEVL,G2
GB PAW,PEDAL BOX,PEDAL BOX | GB PAW,,ZGWH,G2
GB PAW,PEDAL POST,PEDAL POST | GB PAW,,EZIX,G2
GB PAW,PEDAL POST DGB,PEDAL POST DGB | GB PAW,,VGHH,G2
GB FP,TOP STICK LONG,TOP STICK LONG | GB FP,,EMVX,G2
GB FP,TOP STICK SHORT,TOP STICK SHORT | GB FP,,FPVL,G2
GB FP,LEG POST,LEG POST | GB FP,,TYWT,G2
GB FP,LEG GIRDER,LEG GIRDER | GB FP,,QLOH,G2
GB FP,LID PROF CUP,LID PROF CUP | GB FP,,URVN,G2
GB FP,PEDAL SUPPORT ( FP & G ),PEDAL SUPPORT ( FP & G ) | GB FP,,DJFL,G2
GB FP,PEDAL SUPPORT BRACKET  ( FP & G ),PEDAL SUPPORT BRACKET  ( FP & G ) | GB FP,,YAYE,G2
GB FP,PEDAL BOX,PEDAL BOX | GB FP,,BPNC,G2
GB FP,PEDAL POST,PEDAL POST | GB FP,,NBFZ,G2
GB G,TOP STICK LONG,TOP STICK LONG | GB G,,ODLA,G2
GB G,TOP STICK SHORT,TOP STICK SHORT | GB G,,YEGH,G2
GB G,LEG POST,LEG POST | GB G,,KGWO,G2
GB G,LEG GIRDER,LEG GIRDER | GB G,,FCXW,G2
GB G,LID PROF CUP,LID PROF CUP | GB G,,OADJ,G2
GB G,PEDAL SUPPORT ( FP & G ),PEDAL SUPPORT ( FP & G ) | GB G,,AFHC,G2
GB G,PEDAL SUPPORT BRACKET  ( FP & G ),PEDAL SUPPORT BRACKET  ( FP & G ) | GB G,,OPVO,G2
GB G,PEDAL BOX,PEDAL BOX | GB G,,BTHX,G2
GB G,PEDAL POST,PEDAL POST | GB G,,POAE,G2
GB GN2 PE,TOP STICK LONG,TOP STICK LONG | GB PE / GB GN2 PE,1,TLHP,G2
GB GN2 PE,TOP STICK SHORT,TOP STICK SHORT | GB PE / GB GN2 PE,1,ZHLV,G2
GB GN2 PE,MUSIC SELF GUIDE RAIL R/L,MUSIC SELF GUIDE RAIL R/L | GB GN2 PE,,WPNY,G2
GB GN2 PE,LEG POST,LEG POST | GB PE / GB GN2 PE,1,GWPB,G2
GB GN2 PE,LEG GIRDER,LEG GIRDER | GB GN2 PE,,WDSO,G2
GB GN2 PE,PEDAL BOX,PEDAL BOX | GB PE / GB GN2 PE,1,SCGW,G2
GB GN2 PE,PEDAL POST,PEDAL POST | GB PE / GB GN2 PE,1,NWLX,G2
GB GN2 PE,UPPER BEAM GN2,UPPER BEAM GN2 | GB GB GN2 PE,,BNXO,G2
GB GN2 PWH,TOP STICK LONG,TOP STICK LONG | GB PWH / GN2 PWH,2,ZAXG,G2
GB GN2 PWH,TOP STICK SHORT,TOP STICK SHORT | GB PWH / GN2 PWH,2,YAZE,G2
GB GN2 PWH,MUSIC SELF GUIDE RAIL R/L,MUSIC SELF GUIDE RAIL R/L | GB GN2 PWH,,OVMM,G2
GB GN2 PWH,LEG POST,LEG POST | GB PWH / GN2 PWH,2,CCWR,G2
GB GN2 PWH,LEG GIRDER,LEG GIRDER | GB GN2 PWH,,SGMB,G2
GB GN2 PWH,LID PROF CUP,LID PROF CUP | GB PWH / GN2 PWH,2,BNKQ,G2
GB GN2 PWH,PEDAL BOX,PEDAL BOX | GB PWH / GN2 PWH,2,CKTW,G2
GB GN2 PWH,PEDAL POST,PEDAL POST | GB PWH / GN2 PWH,2,ZLRW,G2
GB GN2 PWH,UPPER BEAM GN2,UPPER BEAM GN2 | GB GN2 PWH,,LWAQ,G2
GB PART,PEDAL BOX,PEDAL BOX | GB PART,,EMOH,G2
GB PART,PEDAL POST,PEDAL POST | GB PART,,DCSS,G2
GB PART,PEDAL POST DGB,PEDAL POST DGB | GB PART,,RRFY,G2
