GB PWH,SIDE BOARD,SIDE BOARD GB PWH,NH12,G130,1,QHF4455,0
GB PWH,LEG BLOCK SHORT,LEG BLOCK SHORT GB PWH,TO39,G130,1,ZGH4870,0
GB PWH,FRONT BEAM,FRONT BEAM GB PWH,HA88,G130,1,VOY4831,0
GB PWH,KEY BED,KEY BED GB PWH,TY65,G130,1,TFL6173,0
GB PWH,LEG BLOCK LONG,LEG BLOCK LONG GB PWH,ZE72,G130,1,HQD7613,0
GB PWH,KEY BLOCK R/L,KEY BLOCK R/L GB PWH,JS22,G150,1,HML9078,0
GB PWH,KEY SLIP,KEY SLIP GB PWH,UX58,G150,1,AWW2648,0
GB PWH,LEG POST,LEG POST GB PWH,XX61,G200,3,GPX6462,0
GB PWH,PEDAL POST,PEDAL POST GB PWH,QI21,G200,2,AJR2350,0
GB PWH,PEDAL BOX,PEDAL BOX GB PWH,RQ63,G200,1,BEB6431,0
GB PWH,TOP STICK LONG,TOP STICK LONG GB PWH,CQ81,G200,1,BKJ2118,0
GB PWH,LEG GIRDER,LEG GIRDER GB PWH,PQ73,G200,3,MGG2717,0
GB PWH,TOP STICK SHORT,TOP STICK SHORT GB PWH,OE78,G200,1,QOE3377,0
GB PWH,MUSIC DESK,MUSIC DESK GB PWH,IY14,G200,1,NHO1035,0
GB PWH,MUSIC SHELF R/L,MUSIC SHELF R/L GB PWH,TU46,G200,1,JAE4087,0
GB PWH,MUSIC FRONT RAIL,MUSIC FRONT RAIL GB PWH,CD32,G200,1,UJS1455,0
GB PWH,LID PROF CUP,LID PROF CUP GB PWH,NL70,G200,2,MKX9014,0
GB PWH,MUSIC SUPPORT,MUSIC SUPPORT GB PWH,QZ69,G200,1,WLZ8363,0
GB PM,SIDE BOARD,SIDE BOARD GB PM,OK84,G130,1,BED9714,0
GB PM,LEG BLOCK SHORT,LEG BLOCK SHORT GB PM,TC55,G130,1,ZJS3411,0
GB PM,FRONT BEAM,FRONT BEAM GB PM,EY57,G130,1,JPE6384,0
GB PM,KEY BED,KEY BED GB PM,FX53,G130,1,PYR1882,0
GB PM,LEG BLOCK LONG,LEG BLOCK LONG GB PM,SX75,G130,1,OEX6184,0
GB PM,KEY BLOCK R/L,KEY BLOCK R/L GB PM,PV25,G150,1,KTG7932,0
GB PM,KEY SLIP,KEY SLIP GB PM,RC67,G150,1,WAF7937,0
GB PM,LEG POST,LEG POST GB PM,TN57,G200,3,ERP1015,0
GB PM,PEDAL POST,PEDAL POST GB PM,CA21,G200,2,HGZ5552,0
GB PM,PEDAL BOX,PEDAL BOX GB PM,TY45,G200,1,RDE6343,0
GB PM,TOP STICK LONG,TOP STICK LONG GB PM,ZH68,G200,1,CSB6676,0
GB PM,LEG GIRDER,LEG GIRDER GB PM,PB85,G200,3,ZZE3756,0
GB PM,TOP STICK SHORT,TOP STICK SHORT GB PM,RT81,G200,1,HQW7050,0
GB PM,MUSIC DESK,MUSIC DESK GB PM,IN66,G200,1,SMI8463,0
GB PM,MUSIC SHELF R/L,MUSIC SHELF R/L GB PM,SH11,G200,1,RBD4315,0
GB PM,MUSIC FRONT RAIL,MUSIC FRONT RAIL GB PM,GO17,G200,1,OBF1127,0
GB PM,LID PROF CUP,LID PROF CUP GB PM,FA37,G200,2,VZO7776,0
GB PM,MUSIC SUPPORT,MUSIC SUPPORT GB PM,OB81,G200,1,FNG2991,0
GB PE,SIDE BOARD,SIDE BOARD GB PE,LM99,G130,1,OKP5935,0
GB PE,KEY BLOCK R/L,KEY BLOCK R/L GB PE,SV11,G150,1,VGG5163,0
GB PE,KEY SLIP,KEY SLIP GB PE,IY64,G150,1,ISX3670,0
GB PE,LEG POST,LEG POST GB PE,UX80,G200,3,TBK8341,0
GB PE,PEDAL POST,PEDAL POST GB PE,FP28,G200,2,JMR5263,0
GB PE,LEG BLOCK SHORT,LEG BLOCK SHORT GB PE,TU77,G130,1,QSF5771,0
GB PE,FRONT BEAM,FRONT BEAM GB PE,CP15,G130,1,NTY6625,0
GB PE,PEDAL BOX,PEDAL BOX GB PE,TO53,G200,1,DBN3479,0
GB PE,KEY BED,KEY BED GB PE,GH41,G130,1,BAP7965,0
GB PE,TOP STICK LONG,TOP STICK LONG GB PE,ZT29,G200,1,OCU3045,0
GB PE,LEG BLOCK LONG,LEG BLOCK LONG GB PE,XW53,G130,1,ACA2229,0
GB PE,LEG GIRDER,LEG GIRDER GB PE,DF67,G200,3,NXY2955,0
GB PE,TOP STICK SHORT,TOP STICK SHORT GB PE,PX35,G200,1,JQT2748,0
GB PE,MUSIC DESK,MUSIC DESK GB PE,NO65,G200,1,YFD7988,0
GB PE,MUSIC SHELF R/L,MUSIC SHELF R/L GB PE,JO17,G200,1,GQR5776,0
GB PE,MUSIC FRONT RAIL,MUSIC FRONT RAIL GB PE,SI59,G200,1,VEK5613,0
GB PAW,SIDE BOARD,SIDE BOARD GB PAW,NM10,G130,1,AXL1474,0
GB PAW,LEG BLOCK SHORT,LEG BLOCK SHORT GB PAW,GY98,G130,1,ATF3921,0
GB PAW,FRONT BEAM,FRONT BEAM GB PAW,FQ98,G130,1,GGT9360,0
GB PAW,KEY BED,KEY BED GB PAW,TQ98,G130,1,SYE7915,0
GB PAW,LEG BLOCK LONG,LEG BLOCK LONG GB PAW,YR62,G130,1,XLH6772,0
GB PAW,KEY BLOCK R/L,KEY BLOCK R/L GB PAW,MN69,G150,1,VAF2669,0
GB PAW,KEY SLIP,KEY SLIP GB PAW,QO91,G150,1,QOK6637,0
GB PAW,LEG POST,LEG POST GB PAW,QV22,G200,3,ECZ4065,0
GB PAW,PEDAL POST,PEDAL POST GB PAW,HX45,G200,2,TOG3392,0
GB PAW,PEDAL BOX,PEDAL BOX GB PAW,ZI30,G200,1,LOI7339,0
GB PAW,TOP STICK LONG,TOP STICK LONG GB PAW,ZU76,G200,1,MSY3365,0
GB PAW,LEG GIRDER,LEG GIRDER GB PAW,RH93,G200,3,LZB8577,0
GB PAW,TOP STICK SHORT,TOP STICK SHORT GB PAW,RZ71,G200,1,WXL8635,0
GB PAW,MUSIC DESK,MUSIC DESK GB PAW,LW71,G200,1,LNF1284,0
GB PAW,MUSIC SHELF R/L,MUSIC SHELF R/L GB PAW,WQ75,G200,1,WLJ1399,0
GB PAW,MUSIC FRONT RAIL,MUSIC FRONT RAIL GB PAW,BE76,G200,1,PIO4292,0
GB PAW,LID PROF CUP,LID PROF CUP GB PAW,MX63,G200,2,ZXG9270,0
GB PAW,MUSIC SUPPORT,MUSIC SUPPORT GB PAW,WN89,G200,1,STC3683,0
GB GN2 PWH,SIDE BOARD,SIDE BOARD GB GN2 PWH,PU84,G130,1,VGN2983,0
GB GN2 PWH,LEG BLOCK SHORT,LEG BLOCK SHORT GB GN2 PWH,TO39,G130,1,ZGH4870,0
GB GN2 PWH,FRONT BEAM,FRONT BEAM GB GN2 PWH,DB19,G130,1,SPF1225,0
GB GN2 PWH,KEY BED,KEY BED GB GN2 PWH,YR44,G130,1,AGF3030,0
GB GN2 PWH,LEG BLOCK LONG,LEG BLOCK LONG GB GN2 PWH,GP27,G130,1,KGP4142,0
GB GN2 PWH,KEY BLOCK R/L,KEY BLOCK R/L GB GN2 PWH,JS22,G150,1,HML9078,0
GB GN2 PWH,KEY SLIP,KEY SLIP GB GN2 PWH,UX58,G150,1,AWW2648,0
GB GN2 PWH,LEG POST,LEG POST GB GN2 PWH,XX61,G200,3,GPX6462,0
GB GN2 PWH,PEDAL POST,PEDAL POST GB GN2 PWH,QI21,G200,2,AJR2350,0
GB GN2 PWH,PEDAL BOX,PEDAL BOX GB GN2 PWH,RQ63,G200,1,BEB6431,0
GB GN2 PWH,TOP STICK LONG,TOP STICK LONG GB GN2 PWH,CQ81,G200,1,BKJ2118,0
GB GN2 PWH,LEG GIRDER,LEG GIRDER GB GN2 PWH,QY50,G200,3,QSC4592,0
GB GN2 PWH,TOP STICK SHORT,TOP STICK SHORT GB GN2 PWH,OE78,G200,1,QOE3377,0
GB GN2 PWH,MUSIC DESK,MUSIC DESK GB GN2 PWH,IY14,G200,1,NHO1035,0
GB GN2 PWH,MUSIC SHELF R/L,MUSIC SHELF R/L GB GN2 PWH,FD33,G200,1,VPW4874,0
GB GN2 PWH,MUSIC FRONT RAIL,MUSIC FRONT RAIL GB GN2 PWH,CD32,G200,1,UJS1455,0
GB GN2 PWH,LID PROF CUP,LID PROF CUP GB GN2 PWH,NL70,G200,2,MKX9014,0
GB GN2 PWH,MUSIC SUPPORT,MUSIC SUPPORT GB GN2 PWH,QZ69,G200,1,WLZ8363,0
GB GN2 PWH,MUSIC SELF GUIDE RAIL R/L,MUSIC SELF GUIDE RAIL R/L GB GN2 PWH,IB66,G200,1,GEK6857,0
GB GN2 PWH,UPPER BEAM GN2,UPPER BEAM GN2 GB GN2 PWH,RQ28,G200,1,LVW6978,0
GB GN2 PE,FRONT BEAM,FRONT BEAM GB GN2 PE,PC77,G130,1,NJR4379,0
GB GN2 PE,KEY BED,KEY BED GB GN2 PE,XI85,G130,1,DPT1171,0
GB GN2 PE,KEY BLOCK R/L,KEY BLOCK R/L GB GN2 PE,SV11,G150,1,VGG5163,0
GB GN2 PE,KEY SLIP,KEY SLIP GB GN2 PE,IY64,G150,1,ISX3670,0
GB GN2 PE,LEG BLOCK LONG,LEG BLOCK LONG GB GN2 PE,SM88,G130,1,VYR7015,0
GB GN2 PE,LEG GIRDER,LEG GIRDER GB GN2 PE,OF63,G200,3,IOI8490,0
GB GN2 PE,LEG POST,LEG POST GB GN2 PE,UX80,G200,3,TBK8341,0
GB GN2 PE,MUSIC SELF GUIDE RAIL R/L,MUSIC SELF GUIDE RAIL R/L GB GN2 PE,HJ96,G200,1,EIZ2241,0
GB GN2 PE,PEDAL BOX,PEDAL BOX GB GN2 PE,TO53,G200,1,DBN3479,0
GB GN2 PE,PEDAL POST,PEDAL POST GB GN2 PE,FP28,G200,2,JMR5263,0
GB GN2 PE,LEG BLOCK SHORT,LEG BLOCK SHORT GB GN2 PE,TU77,G130,1,QSF5771,0
GB GN2 PE,SIDE BOARD,SIDE BOARD GB GN2 PE,DM41,G130,1,CIP3136,0
GB GN2 PE,TOP STICK LONG,TOP STICK LONG GB GN2 PE,ZT29,G200,1,OCU3045,0
GB GN2 PE,TOP STICK SHORT,TOP STICK SHORT GB GN2 PE,PX35,G200,1,JQT2748,0
GB GN2 PE,UPPER BEAM GN2,UPPER BEAM GN2 GB GN2 PE,DT18,G200,1,FFL4627,0
GB GN2 PE,MUSIC DESK,MUSIC DESK GB GN2 PE,NO65,G200,1,YFD7988,0
GB GN2 PE,MUSIC SHELF R/L,MUSIC SHELF R/L GB GN2 PE,YB15,G200,1,PTW7571,0
GB GN2 PE,MUSIC FRONT RAIL,MUSIC FRONT RAIL GB GN2 PE,SI59,G200,1,VEK5613,0
GB G,SIDE BOARD,SIDE BOARD GB G,XT41,G130,1,RYG8577,0
GB G,LEG BLOCK SHORT,LEG BLOCK SHORT GB G,IV33,G130,1,SAN1644,0
GB G,FRONT BEAM,FRONT BEAM GB G,EY82,G130,1,NVM6298,0
GB G,KEY BED,KEY BED GB G,IN39,G130,1,ZBF9675,0
GB G,LEG BLOCK LONG,LEG BLOCK LONG GB G,AS66,G130,1,KGJ6372,0
GB G,KEY BLOCK R/L,KEY BLOCK R/L GB G,FB14,G150,1,WKA2863,0
GB G,KEY SLIP,KEY SLIP GB G,OP56,G150,1,BKD7014,0
GB G,LEG POST,LEG POST GB G,YO83,G200,3,BOM4193,0
GB G,PEDAL POST,PEDAL POST GB G,LS88,G200,2,ETS7753,0
GB G,PEDAL BOX,PEDAL BOX GB G,QZ18,G200,1,ABU3179,0
GB G,TOP STICK LONG,TOP STICK LONG GB G,SX91,G200,1,HSM1434,0
GB G,LEG GIRDER,LEG GIRDER GB G,FQ85,G200,3,PFY7365,0
GB G,TOP STICK SHORT,TOP STICK SHORT GB G,CN43,G200,1,SUG3376,0
GB G,MUSIC DESK,MUSIC DESK GB G,VG47,G200,1,FWH1082,0
GB G,MUSIC SHELF R/L,MUSIC SHELF R/L GB G,NS44,G200,1,JEJ3869,0
GB G,MUSIC FRONT RAIL,MUSIC FRONT RAIL GB G,TU64,G200,1,CTH2926,0
GB G,LID PROF CUP,LID PROF CUP GB G,US91,G200,2,VDM6528,0
GB G,MUSIC SUPPORT,MUSIC SUPPORT GB G,MS16,G200,1,YYI3033,0
GB G,PEDAL SUPPORT ( FP & G ),PEDAL SUPPORT ( FP & G ) GB G,GM44,G200,2,DWF4682,0
GB G,PEDAL SUPPORT BRACKET  ( FP & G ),PEDAL SUPPORT BRACKET  ( FP & G ) GB G,JT62,G200,2,XHW9727,0
GB G,BENCH ASSY ( FP & G ),BENCH ASSY ( FP & G ) GB G,FD94,G200,1,UNQ1564,0
GB FP,SIDE BOARD,SIDE BOARD GB FP,GS77,G130,1,IAB1149,0
GB FP,LEG BLOCK SHORT,LEG BLOCK SHORT GB FP,UR12,G130,1,ELE7447,0
GB FP,FRONT BEAM,FRONT BEAM GB FP,AY78,G130,1,VJT1412,0
GB FP,KEY BED,KEY BED GB FP,BS13,G130,1,FAF6211,0
GB FP,LEG BLOCK LONG,LEG BLOCK LONG GB FP,UB89,G130,1,YOK4938,0
GB FP,KEY BLOCK R/L,KEY BLOCK R/L GB FP,TL14,G150,1,XJH4740,0
GB FP,KEY SLIP,KEY SLIP GB FP,PD11,G150,1,EOP1827,0
GB FP,LEG POST,LEG POST GB FP,HJ35,G200,3,SNC9036,0
GB FP,PEDAL POST,PEDAL POST GB FP,AL90,G200,2,AEC1819,0
GB FP,PEDAL BOX,PEDAL BOX GB FP,BB86,G200,1,TWF9650,0
GB FP,TOP STICK LONG,TOP STICK LONG GB FP,HX12,G200,1,RYY3752,0
GB FP,LEG GIRDER,LEG GIRDER GB FP,RO97,G200,3,KVD8889,0
GB FP,TOP STICK SHORT,TOP STICK SHORT GB FP,WA61,G200,1,DOD1938,0
GB FP,MUSIC DESK,MUSIC DESK GB FP,NA98,G200,1,YFQ1731,0
GB FP,MUSIC SHELF R/L,MUSIC SHELF R/L GB FP,AY59,G200,1,EFY4425,0
GB FP,MUSIC FRONT RAIL,MUSIC FRONT RAIL GB FP,QJ30,G200,1,LZS9057,0
GB FP,LID PROF CUP,LID PROF CUP GB FP,RC90,G200,2,IOO2336,0
GB FP,MUSIC SUPPORT,MUSIC SUPPORT GB FP,YN62,G200,1,WZN6544,0
GB FP,PEDAL SUPPORT ( FP & G ),PEDAL SUPPORT ( FP & G ) GB FP,RL98,G200,2,BZH4842,0
GB FP,PEDAL SUPPORT BRACKET  ( FP & G ),PEDAL SUPPORT BRACKET  ( FP & G ) GB FP,BL27,G200,2,UMG9989,0
GB FP,BENCH ASSY ( FP & G ),BENCH ASSY ( FP & G ) GB FP,JD38,G200,1,WMV5941,0
GB DGB PWH,SIDE BOARD,SIDE BOARD GB DGB PWH,NH12,G130,1,QHF4455,0
GB DGB PWH,KEY BLOCK R/L,KEY BLOCK R/L GB DGB PWH,JS22,G150,1,HML9078,0
GB DGB PWH,KEY SLIP,KEY SLIP GB DGB PWH,UX58,G150,1,AWW2648,0
GB DGB PWH,LEG POST,LEG POST GB DGB PWH,XX61,G200,3,GPX6462,0
GB DGB PWH,LEG BLOCK SHORT,LEG BLOCK SHORT GB DGB PWH,TO39,G130,1,ZGH4870,0
GB DGB PWH,FRONT BEAM,FRONT BEAM GB DGB PWH,HA88,G130,1,VOY4831,0
GB DGB PWH,PEDAL BOX,PEDAL BOX GB DGB PWH,RQ63,G200,1,BEB6431,0
GB DGB PWH,KEY BED,KEY BED GB DGB PWH,DD22,G130,1,MLY4070,0
GB DGB PWH,TOP STICK LONG,TOP STICK LONG GB DGB PWH,CQ81,G200,1,BKJ2118,0
GB DGB PWH,LEG BLOCK LONG,LEG BLOCK LONG GB DGB PWH,ZE72,G130,1,HQD7613,0
GB DGB PWH,LEG GIRDER,LEG GIRDER GB DGB PWH,PQ73,G200,1,MGG2717,0
GB DGB PWH,TOP STICK SHORT,TOP STICK SHORT GB DGB PWH,OE78,G200,1,QOE3377,0
GB DGB PWH,MUSIC DESK,MUSIC DESK GB DGB PWH,IY14,G200,1,NHO1035,0
GB DGB PWH,MUSIC SHELF R/L,MUSIC SHELF R/L GB DGB PWH,TU46,G200,1,JAE4087,0
GB DGB PWH,MUSIC FRONT RAIL,MUSIC FRONT RAIL GB DGB PWH,CD32,G200,1,UJS1455,0
GB DGB PWH,LEG GIRDER DGB,LEG GIRDER DGB GB DGB PWH,CH57,G200,2,DVC9637,0
GB DGB PWH,PEDAL POST DGB,PEDAL POST DGB GB DGB PWH,DT30,G200,2,YPH4219,0
GB DGB PWH,LID PROF CUP,LID PROF CUP GB DGB PWH,NL70,G200,2,MKX9014,0
GB DGB PWH,MUSIC SUPPORT,MUSIC SUPPORT GB DGB PWH,QZ69,G200,1,WLZ8363,0
GB DGB PM,SIDE BOARD,SIDE BOARD GB DGB PM,OK84,G130,1,BED9714,0
GB DGB PM,KEY BLOCK R/L,KEY BLOCK R/L GB DGB PM,PV25,G150,1,KTG7932,0
GB DGB PM,KEY SLIP,KEY SLIP GB DGB PM,RC67,G150,1,WAF7937,0
GB DGB PM,LEG POST,LEG POST GB DGB PM,TN57,G200,3,ERP1015,0
GB DGB PM,LEG BLOCK SHORT,LEG BLOCK SHORT GB DGB PM,TC55,G130,1,ZJS3411,0
GB DGB PM,FRONT BEAM,FRONT BEAM GB DGB PM,EY57,G130,1,JPE6384,0
GB DGB PM,PEDAL BOX,PEDAL BOX GB DGB PM,TY45,G200,1,RDE6343,0
GB DGB PM,KEY BED,KEY BED GB DGB PM,JM93,G130,1,IWC2434,0
GB DGB PM,TOP STICK LONG,TOP STICK LONG GB DGB PM,ZH68,G200,1,CSB6676,0
GB DGB PM,LEG BLOCK LONG,LEG BLOCK LONG GB DGB PM,SX75,G130,1,OEX6184,0
GB DGB PM,LEG GIRDER,LEG GIRDER GB DGB PM,PB85,G200,1,ZZE3756,0
GB DGB PM,TOP STICK SHORT,TOP STICK SHORT GB DGB PM,RT81,G200,1,HQW7050,0
GB DGB PM,MUSIC DESK,MUSIC DESK GB DGB PM,IN66,G200,1,SMI8463,0
GB DGB PM,MUSIC SHELF R/L,MUSIC SHELF R/L GB DGB PM,SH11,G200,1,RBD4315,0
GB DGB PM,MUSIC FRONT RAIL,MUSIC FRONT RAIL GB DGB PM,GO17,G200,1,OBF1127,0
GB DGB PM,LEG GIRDER DGB,LEG GIRDER DGB GB DGB PM,IE42,G200,2,NUT8671,0
GB DGB PM,PEDAL POST DGB,PEDAL POST DGB GB DGB PM,JJ56,G200,2,VZR3365,0
GB DGB PM,LID PROF CUP,LID PROF CUP GB DGB PM,FA37,G200,2,VZO7776,0
GB DGB PM,MUSIC SUPPORT,MUSIC SUPPORT GB DGB PM,OB81,G200,1,FNG2991,0
GB DGB PE,SIDE BOARD,SIDE BOARD GB DGB PE,LM99,G130,1,OKP5935,0
GB DGB PE,KEY BLOCK R/L,KEY BLOCK R/L GB DGB PE,SV11,G150,1,VGG5163,0
GB DGB PE,KEY SLIP,KEY SLIP GB DGB PE,IY64,G150,1,ISX3670,0
GB DGB PE,LEG POST,LEG POST GB DGB PE,UX80,G200,3,TBK8341,0
GB DGB PE,LEG BLOCK SHORT,LEG BLOCK SHORT GB DGB PE,TU77,G130,1,QSF5771,0
GB DGB PE,FRONT BEAM,FRONT BEAM GB DGB PE,CP15,G130,1,NTY6625,0
GB DGB PE,PEDAL BOX,PEDAL BOX GB DGB PE,TO53,G200,1,DBN3479,0
GB DGB PE,KEY BED,KEY BED GB DGB PE,VI89,G130,1,MVX3433,0
GB DGB PE,TOP STICK LONG,TOP STICK LONG GB DGB PE,ZT29,G200,1,OCU3045,0
GB DGB PE,LEG BLOCK LONG,LEG BLOCK LONG GB DGB PE,XW53,G130,1,ACA2229,0
GB DGB PE,LEG GIRDER,LEG GIRDER GB DGB PE,DF67,G200,1,NXY2955,0
GB DGB PE,TOP STICK SHORT,TOP STICK SHORT GB DGB PE,PX35,G200,1,JQT2748,0
GB DGB PE,MUSIC DESK,MUSIC DESK GB DGB PE,NO65,G200,1,YFD7988,0
GB DGB PE,MUSIC SHELF R/L,MUSIC SHELF R/L GB DGB PE,JO17,G200,1,GQR5776,0
GB DGB PE,MUSIC FRONT RAIL,MUSIC FRONT RAIL GB DGB PE,SI59,G200,1,VEK5613,0
GB DGB PE,LEG GIRDER DGB,LEG GIRDER DGB GB DGB PE,JC75,G200,2,PWL1248,0
GB DGB PE,PEDAL POST DGB,PEDAL POST DGB GB DGB PE,WW70,G200,2,QKZ2154,0
GB DGB PAW,SIDE BOARD,SIDE BOARD GB DGB PAW,NM10,G130,1,AXL1474,0
GB DGB PAW,KEY BLOCK R/L,KEY BLOCK R/L GB DGB PAW,MN69,G150,1,VAF2669,0
GB DGB PAW,KEY SLIP,KEY SLIP GB DGB PAW,QO91,G150,1,QOK6637,0
GB DGB PAW,LEG POST,LEG POST GB DGB PAW,QV22,G200,3,ECZ4065,0
GB DGB PAW,LEG BLOCK SHORT,LEG BLOCK SHORT GB DGB PAW,GY98,G130,1,ATF3921,0
GB DGB PAW,FRONT BEAM,FRONT BEAM GB DGB PAW,FQ98,G130,1,GGT9360,0
GB DGB PAW,PEDAL BOX,PEDAL BOX GB DGB PAW,ZI30,G200,1,LOI7339,0
GB DGB PAW,KEY BED,KEY BED GB DGB PAW,WI64,G130,1,LHU4998,0
GB DGB PAW,TOP STICK LONG,TOP STICK LONG GB DGB PAW,ZU76,G200,1,MSY3365,0
GB DGB PAW,LEG BLOCK LONG,LEG BLOCK LONG GB DGB PAW,YR62,G130,1,XLH6772,0
GB DGB PAW,LEG GIRDER,LEG GIRDER GB DGB PAW,RH93,G200,1,LZB8577,0
GB DGB PAW,TOP STICK SHORT,TOP STICK SHORT GB DGB PAW,RZ71,G200,1,WXL8635,0
GB DGB PAW,MUSIC DESK,MUSIC DESK GB DGB PAW,LW71,G200,1,LNF1284,0
GB DGB PAW,MUSIC SHELF R/L,MUSIC SHELF R/L GB DGB PAW,WQ75,G200,1,WLJ1399,0
GB DGB PAW,MUSIC FRONT RAIL,MUSIC FRONT RAIL GB DGB PAW,BE76,G200,1,PIO4292,0
GB DGB PAW,LEG GIRDER DGB,LEG GIRDER DGB GB DGB PAW,ND40,G200,2,RTO9947,0
GB DGB PAW,PEDAL POST DGB,PEDAL POST DGB GB DGB PAW,XP25,G200,2,TMU3955,0
GB DGB PAW,LID PROF CUP,LID PROF CUP GB DGB PAW,MX63,G200,2,ZXG9270,0
GB DGB PAW,MUSIC SUPPORT,MUSIC SUPPORT GB DGB PAW,WN89,G200,1,STC3683,0
