GB PE,SIDE BOARD,G 130,1,"SIDE BOARD - GB PE, DGB PE",HWP87
GB PE,KEY BED,G 130,1,KEY BED - GB PE,GMD76
GB PE,FRONT BEAM,G 130,1,"FRONT BEAM - GB PE, DGB PE",FKG83
GB PE,LEG BLOCK LONG,G 130,1,"LEG BLOCK LONG - GB PE, DGB PE",XER91
GB PE,LEG BLOCK SHORT,G 130,1,"LEG BLOCK SHORT - GB PE, GN2 PE, DGB PE",HSZ37
GB PE,KEY BLOCK R/L,G 150,1,"KEY BLOCK R/L - GB PE, GN2 PE, DGB PE",UGX26
GB PE,KEY SLIP,G 150,1,"KEY SLIP - GB PE, GN2 PE, DGB PE",HUX18
GB PE,TOP STICK LONG,G 200,1,"TOP STICK LONG - GB PE, GN2 PE, DGB PE",LGR39
GB PE,TOP STICK SHORT,G 200,1,"TOP STICK SHORT - GB PE, GN2 PE, DGB PE",ERU30
GB PE,LEG POST,G 200,3,"LEG POST - GB PE, GN2 PE, DGB PE",HCD39
GB PE,LEG GIRDER,G 200,3,"LEG GIRDER - GB PE, DGB PE",WNX71
GB PE,PEDAL BOX,G 200,1,"PEDAL BOX - GB PE, GN2 PE, DGB PE",AWE52
GB PE,PEDAL POST,G 200,2,"PEDAL POST - GB PE, GN2 PE",KDD18
GB PE,MUSIC DESK,G 200,1,"MUSIC DESK - GB PE, GN2 PE, DGB PE",JEN23
GB PE,MUSIC SHELF R/L,G 200,1,"MUSIC SHELF R/L - GB PE, DGB PE",TZE27
GB PE,MUSIC FRONT RAIL,G 200,1,"MUSIC FRONT RAIL - GB PE, GN2 PE, DGB PE",MGQ13
GB GN2 PE,SIDE BOARD,G 130,1,SIDE BOARD - GB GN2 PE,IDE63
GB GN2 PE,KEY BED,G 130,1,KEY BED - GB GN2 PE,WWY56
GB GN2 PE,FRONT BEAM,G 130,1,FRONT BEAM - GB GN2 PE,BYS55
GB GN2 PE,LEG BLOCK LONG,G 130,1,LEG BLOCK LONG - GB GN2 PE,LVN64
GB GN2 PE,LEG BLOCK SHORT,G 130,1,"LEG BLOCK SHORT - GB PE, GN2 PE, DGB PE",HSZ37
GB GN2 PE,KEY BLOCK R/L,G 150,1,"KEY BLOCK R/L - GB PE, GN2 PE, DGB PE",UGX26
GB GN2 PE,KEY SLIP,G 150,1,"KEY SLIP - GB PE, GN2 PE, DGB PE",HUX18
GB PE,PEDAL ROD GUIDE,G 200,1,"PEDAL ROD GUIDE - GB PE, GN2 PE, DGB PE",PSM23
GB PE,PEDAL BOTTOM,G 200,1,"PEDAL BOTTOM - GB PE, GN2 PE",TVU76
GB PE,FALL BOARD,G 200,1,"FALL BOARD - GB PE, GN2 PE, DGB PE",JJG79
GB PE,TOP BOARD FRONT,G 200,1,"TOP BOARD FRONT - GB PE, DGB PE",RDU27
GB PE,TOP BOARD REAR,G 200,1,"TOP BOARD REAR - GB PE, DGB PE",OLI22
GB PE,PEDAL BLOCK,G 200,1,"PEDAL BLOCK - GB PE, GN2 PE, DGB PE",IPU76
GB GN2 PE,TOP STICK LONG,G 200,1,"TOP STICK LONG - GB PE, GN2 PE, DGB PE",LGR39
GB GN2 PE,TOP STICK SHORT,G 200,1,"TOP STICK SHORT - GB PE, GN2 PE, DGB PE",ERU30
GB GN2 PE,MUSIC SELF GUIDE RAIL R/L,G 200,1,MUSIC SELF GUIDE RAIL R/L - GB GN2 PE,ZFL39
GB GN2 PE,LEG POST,G 200,3,"LEG POST - GB PE, GN2 PE, DGB PE",HCD39
GB GN2 PE,LEG GIRDER,G 200,3,LEG GIRDER - GB GN2 PE,NNR51
GB GN2 PE,PEDAL BOX,G 200,1,"PEDAL BOX - GB PE, GN2 PE, DGB PE",AWE52
GB GN2 PE,PEDAL POST,G 200,2,"PEDAL POST - GB PE, GN2 PE",KDD18
GB GN2 PE,UPPER BEAM GN2,G 200,1,UPPER BEAM GN2 - GB GN2 PE,YWQ28
GB GN2 PE,MUSIC DESK,G 200,1,"MUSIC DESK - GB PE, GN2 PE, DGB PE",JEN23
GB GN2 PE,MUSIC SHELF R/L,G 200,1,MUSIC SHELF R/L - GB GN2 PE,SGQ74
GB GN2 PE,MUSIC FRONT RAIL,G 200,1,"MUSIC FRONT RAIL - GB PE, GN2 PE, DGB PE",MGQ13
DGB PE,SIDE BOARD,G 130,1,"SIDE BOARD - GB PE, DGB PE",HWP87
DGB PE,KEY BED,G 130,1,KEY BED - DGB PE,KFO78
DGB PE,FRONT BEAM,G 130,1,"FRONT BEAM - GB PE, DGB PE",FKG83
DGB PE,LEG BLOCK LONG,G 130,1,"LEG BLOCK LONG - GB PE, DGB PE",XER91
DGB PE,LEG BLOCK SHORT,G 130,1,"LEG BLOCK SHORT - GB PE, GN2 PE, DGB PE",HSZ37
DGB PE,KEY BLOCK R/L,G 150,1,"KEY BLOCK R/L - GB PE, GN2 PE, DGB PE",UGX26
DGB PE,KEY SLIP,G 150,1,"KEY SLIP - GB PE, GN2 PE, DGB PE",HUX18
GB GN2 PE,PEDAL ROD GUIDE,G 200,1,"PEDAL ROD GUIDE - GB PE, GN2 PE, DGB PE",PSM23
GB GN2 PE,PEDAL BOTTOM,G 200,1,"PEDAL BOTTOM - GB PE, GN2 PE",TVU76
GB GN2 PE,PEDAL BLOCK,G 200,1,"PEDAL BLOCK - GB PE, GN2 PE, DGB PE",IPU76
GB GN2 PE,FALL BOARD,G 200,1,"FALL BOARD - GB PE, GN2 PE, DGB PE",JJG79
GB GN2 PE,TOP BOARD FRONT,G 200,1,TOP BOARD FRONT - GN GN2 PE,TRZ76
GB GN2 PE,TOP BOARD REAR,G 200,1,TOP BOARD REAR - GN GN2 PE,YJQ24
DGB PE,TOP STICK LONG,G 200,1,"TOP STICK LONG - GB PE, GN2 PE, DGB PE",LGR39
DGB PE,TOP STICK SHORT,G 200,1,"TOP STICK SHORT - GB PE, GN2 PE, DGB PE",ERU30
DGB PE,LEG POST,G 200,3,"LEG POST - GB PE, GN2 PE, DGB PE",HCD39
DGB PE,LEG GIRDER,G 200,1,"LEG GIRDER - GB PE, DGB PE",WNX71
DGB PE,LEG GIRDER DGB,G 200,2,LEG GIRDER DGB - DGB PE,WCF58
DGB PE,PEDAL BOX,G 200,1,"PEDAL BOX - GB PE, GN2 PE, DGB PE",AWE52
DGB PE,PEDAL POST DGB,G 200,2,PEDAL POST DGB - DGB PE,FAU40
DGB PE,MUSIC DESK,G 200,1,"MUSIC DESK - GB PE, GN2 PE, DGB PE",JEN23
DGB PE,MUSIC SHELF R/L,G 200,1,"MUSIC SHELF R/L - GB PE, DGB PE",TZE27
DGB PE,MUSIC FRONT RAIL,G 200,1,"MUSIC FRONT RAIL - GB PE, GN2 PE, DGB PE",MGQ13
DGB PWH,SIDE BOARD,G 130,1,"SIDE BOARD - GB PWH, DGB PWH",YTH18
DGB PWH,KEY BED,G 130,1,KEY BED - DGB PWH,YUM18
DGB PWH,FRONT BEAM,G 130,1,"FRONT BEAM - GB PWH, DGB PWH",LVG64
DGB PWH,LEG BLOCK LONG,G 130,1,"LEG BLOCK LONG - GB PWH, DGB PWH",GFK76
DGB PWH,LEG BLOCK SHORT,G 130,1,"LEG BLOCK SHORT - GB PWH, GN2 PWH, DGB PWH",IRY90
DGB PWH,KEY BLOCK R/L,G 150,1,"KEY BLOCK R/L - GB PWH, GN2 PWH, DGB PWH",LRR98
DGB PWH,KEY SLIP,G 150,1,"KEY SLIP - GB PWH, GN2 PWH, DGB PWH",HXT89
DGB PWH,TOP STICK LONG,G 200,1,"TOP STICK LONG - GB PWH, GN2 PWH, DGB PWH",ENT27
DGB PWH,TOP STICK SHORT,G 200,1,"TOP STICK SHORT - GB PWH, GN2 PWH, DGB PWH",MOV27
DGB PWH,LEG POST,G 200,3,"LEG POST - GB PWH, GN2 PWH, DGB PWH",NNY14
DGB PWH,LEG GIRDER,G 200,1,"LEG GIRDER - GB PWH, DGB PWH",CKN38
DGB PWH,LEG GIRDER DGB,G 200,2,LEG GIRDER DGB - DGB PWH,SQF43
DGB PWH,LID PROF CUP,G 200,2,"LID PROF CUP - GB PWH, GN2 PWH, DGB PWH",EGO76
DGB PWH,PEDAL BOX,G 200,1,"PEDAL BOX - GB PWH, GN2 PWH, DGB PWH",KER55
DGB PWH,PEDAL POST DGB,G 200,2,PEDAL POST DGB - DGB PWH,CUC70
DGB PWH,MUSIC SUPPORT,G 200,1,"MUSIC SUPPORT - GB PWH, GN2 PWH, DGB PWH",PRW94
DGB PWH,MUSIC DESK,G 200,1,"MUSIC DESK - GB PWH, GN2 PWH, DGB PWH",FNF18
DGB PWH,MUSIC SHELF R/L,G 200,1,"MUSIC SHELF R/L - GB PWH, DGB PWH",PDC39
DGB PWH,MUSIC FRONT RAIL,G 200,1,"MUSIC FRONT RAIL - GB PWH, GN2 PWH, DGB PWH",LIP46
DGB PWH,PEDAL ROD GUIDE,G 200,1,"PEDAL ROD GUIDE - GB PWH, GN2 PWH, DGB PWH",EIS48
DGB PWH,PEDAL BOTTOM,G 200,1,PEDAL BOTTOM - DGB PWH,BYR53
DGB PWH,PEDAL BLOCK,G 200,1,"PEDAL BLOCK - GB PWH, GN2 PWH, DGB PWH",AHF39
DGB PWH,FALL BOARD,G 200,1,"FALL BOARD - GB PWH, GN2 PWH, DGB PWH",ZTZ69
DGB PWH,TOP BOARD FRONT,G 200,1,"TOP BOARD FRONT - GB PWH, DGB PWH",CGN64
DGB PWH,TOP BOARD REAR,G 200,1,"TOP BOARD REAR  - GB PWH, DGB PWH",LYL49
GB GN2 PWH,SIDE BOARD,G 130,1,SIDE BOARD - GB GN2 PWH,KTU46
GB GN2 PWH,KEY BED,G 130,1,KEY BED - GB GN2 PWH,VDE15
GB GN2 PWH,FRONT BEAM,G 130,1,FRONT BEAM - GB GN2 PWH,DZV17
GB GN2 PWH,LEG BLOCK LONG,G 130,1,LEG BLOCK LONG - GB GN2 PWH,WND67
GB GN2 PWH,LEG BLOCK SHORT,G 130,1,"LEG BLOCK SHORT - GB PWH, GN2 PWH, DGB PWH",IRY90
GB GN2 PWH,KEY BLOCK R/L,G 150,1,"KEY BLOCK R/L - GB PWH, GN2 PWH, DGB PWH",LRR98
GB GN2 PWH,KEY SLIP,G 150,1,"KEY SLIP - GB PWH, GN2 PWH, DGB PWH",HXT89
GB GN2 PWH,TOP STICK LONG,G 200,1,"TOP STICK LONG - GB PWH, GN2 PWH, DGB PWH",ENT27
GB GN2 PWH,TOP STICK SHORT,G 200,1,"TOP STICK SHORT - GB PWH, GN2 PWH, DGB PWH",MOV27
GB GN2 PWH,MUSIC SELF GUIDE RAIL R/L,G 200,1,MUSIC SELF GUIDE RAIL R/L - GB GN2 PWH,AFI14
GB GN2 PWH,LEG POST,G 200,3,"LEG POST - GB PWH, GN2 PWH, DGB PWH",NNY14
GB GN2 PWH,LEG GIRDER,G 200,3,LEG GIRDER - GB GN2 PWH,ZLK64
GB GN2 PWH,LID PROF CUP,G 200,2,"LID PROF CUP - GB PWH, GN2 PWH, DGB PWH",EGO76
GB GN2 PWH,PEDAL BOX,G 200,1,"PEDAL BOX - GB PWH, GN2 PWH, DGB PWH",KER55
GB GN2 PWH,PEDAL POST,G 200,2,"PEDAL POST - GB PWH, GN2 PWH",YQE89
GB GN2 PWH,UPPER BEAM GN2,G 200,1,UPPER BEAM GN2 - GB GN2 PWH,VVJ66
GB GN2 PWH,MUSIC SUPPORT,G 200,1,"MUSIC SUPPORT - GB PWH, GN2 PWH, DGB PWH",PRW94
GB GN2 PWH,MUSIC DESK,G 200,1,"MUSIC DESK - GB PWH, GN2 PWH, DGB PWH",FNF18
GB GN2 PWH,MUSIC SHELF R/L,G 200,1,MUSIC SHELF R/L - GB GN2 PWH,WZF34
GB GN2 PWH,MUSIC FRONT RAIL,G 200,1,"MUSIC FRONT RAIL - GB PWH, GN2 PWH, DGB PWH",LIP46
GB GN2 PWH,PEDAL ROD GUIDE,G 200,1,"PEDAL ROD GUIDE - GB PWH, GN2 PWH, DGB PWH",EIS48
GB GN2 PWH,PEDAL BOTTOM,G 200,1,"PEDAL BOTTOM - GB PWH, GN2 PWH",VSQ71
GB GN2 PWH,PEDAL BLOCK,G 200,1,"PEDAL BLOCK - GB PWH, GN2 PWH, DGB PWH",AHF39
GB GN2 PWH,FALL BOARD,G 200,1,"FALL BOARD - GB PWH, GN2 PWH, DGB PWH",ZTZ69
GB GN2 PWH,TOP BOARD FRONT,G 200,1,TOP BOARD FRONT - GB GN2 PWH,LOH30
GB GN2 PWH,TOP BOARD REAR,G 200,1,TOP BOARD REAR  - GB GN2 PWH,XBI71
GB PWH,SIDE BOARD,G 130,1,"SIDE BOARD - GB PWH, DGB PWH",YTH18
GB PWH,KEY BED,G 130,1,KEY BED - GB PWH,ELM56
GB PWH,FRONT BEAM,G 130,1,"FRONT BEAM - GB PWH, DGB PWH",LVG64
GB PWH,LEG BLOCK LONG,G 130,1,"LEG BLOCK LONG - GB PWH, DGB PWH",GFK76
GB PWH,LEG BLOCK SHORT,G 130,1,"LEG BLOCK SHORT - GB PWH, GN2 PWH, DGB PWH",IRY90
GB PWH,KEY BLOCK R/L,G 150,1,"KEY BLOCK R/L - GB PWH, GN2 PWH, DGB PWH",LRR98
GB PWH,KEY SLIP,G 150,1,"KEY SLIP - GB PWH, GN2 PWH, DGB PWH",HXT89
GB PWH,TOP STICK LONG,G 200,1,"TOP STICK LONG - GB PWH, GN2 PWH, DGB PWH",ENT27
GB PWH,TOP STICK SHORT,G 200,1,"TOP STICK SHORT - GB PWH, GN2 PWH, DGB PWH",MOV27
GB PWH,LEG POST,G 200,3,"LEG POST - GB PWH, GN2 PWH, DGB PWH",NNY14
GB PWH,LEG GIRDER,G 200,3,"LEG GIRDER - GB PWH, DGB PWH",CKN38
GB PWH,LID PROF CUP,G 200,2,"LID PROF CUP - GB PWH, GN2 PWH, DGB PWH",EGO76
GB PWH,PEDAL BOX,G 200,1,"PEDAL BOX - GB PWH, GN2 PWH, DGB PWH",KER55
GB PWH,PEDAL POST,G 200,2,"PEDAL POST - GB PWH, GN2 PWH",YQE89
GB PWH,MUSIC SUPPORT,G 200,1,"MUSIC SUPPORT - GB PWH, GN2 PWH, DGB PWH",PRW94
GB PWH,MUSIC DESK,G 200,1,"MUSIC DESK - GB PWH, GN2 PWH, DGB PWH",FNF18
GB PWH,MUSIC SHELF R/L,G 200,1,"MUSIC SHELF R/L - GB PWH, DGB PWH",PDC39
GB PWH,MUSIC FRONT RAIL,G 200,1,"MUSIC FRONT RAIL - GB PWH, GN2 PWH, DGB PWH",LIP46
GB PM,SIDE BOARD,G 130,1,"SIDE BOARD - GB PM, DGB PM",VRK93
GB PM,KEY BED,G 130,1,KEY BED - GB PM,RZW59
GB PM,FRONT BEAM,G 130,1,"FRONT BEAM - GB PM, DGB PM",XBP15
GB PM,LEG BLOCK LONG,G 130,1,"LEG BLOCK LONG - GB PM, DGB PM",CUM45
GB PM,LEG BLOCK SHORT,G 130,1,"LEG BLOCK SHORT - GB PM, DGB PM",GEE62
GB PM,KEY BLOCK R/L,G 150,1,"KEY BLOCK R/L - GB PM, DGB PM",PPW29
GB PM,KEY SLIP,G 150,1,"KEY SLIP - GB PM, DGB PM",FXP86
GB PM,TOP STICK LONG,G 200,1,"TOP STICK LONG - GB PM, DGB PM",ZQF61
GB PM,TOP STICK SHORT,G 200,1,"TOP STICK SHORT - GB PM, DGB PM",GZA90
GB PM,LEG POST,G 200,3,"LEG POST - GB PM, DGB PM",MYZ63
GB PM,LEG GIRDER,G 200,3,"LEG GIRDER - GB PM, DGB PM",AOU56
GB PM,LID PROF CUP,G 200,2,"LID PROF CUP - GB PM, DGB PM",XII16
GB PM,PEDAL BOX,G 200,1,"PEDAL BOX - GB PM, DGB PM",JQN45
GB PM,PEDAL POST,G 200,2,PEDAL POST - GB PM,NVN17
GB PM,MUSIC SUPPORT,G 200,1,"MUSIC SUPPORT - GB PM, DGB PM",AJQ50
GB PM,MUSIC DESK,G 200,1,"MUSIC DESK - GB PM, DGB PM",NGO42
GB PM,MUSIC SHELF R/L,G 200,1,"MUSIC SHELF R/L - GB PM, DGB PM",HHF50
GB PM,MUSIC FRONT RAIL,G 200,1,"MUSIC FRONT RAIL - GB PM, DGB PM",FXE35
DGB PM,SIDE BOARD,G 130,1,"SIDE BOARD - GB PM, DGB PM",VRK93
DGB PM,KEY BED,G 130,1,KEY BED - DGB PM,OCU62
DGB PM,FRONT BEAM,G 130,1,"FRONT BEAM - GB PM, DGB PM",XBP15
DGB PM,LEG BLOCK LONG,G 130,1,"LEG BLOCK LONG - GB PM, DGB PM",CUM45
DGB PM,LEG BLOCK SHORT,G 130,1,"LEG BLOCK SHORT - GB PM, DGB PM",GEE62
DGB PM,KEY BLOCK R/L,G 150,1,"KEY BLOCK R/L - GB PM, DGB PM",PPW29
DGB PM,KEY SLIP,G 150,1,"KEY SLIP - GB PM, DGB PM",FXP86
GB PM,PEDAL ROD GUIDE,G 200,1,"PEDAL ROD GUIDE - GB PM, DGB PM",KAV99
GB PM,PEDAL BOTTOM,G 200,1,PEDAL BOTTOM - GB PM,VFO18
GB PM,PEDAL BLOCK,G 200,1,"PEDAL BLOCK - GB PM, DGB PM",ZFS13
GB PM,FALL BOARD,G 200,1,"FALL BOARD - GB PM, DGB PM",QRU45
GB PM,TOP BOARD FRONT,G 200,1,"TOP BOARD FRONT - GB PM, DGB PM",XFM73
GB PM,TOP BOARD REAR,G 200,1,"TOP BOARD REAR - GB PM, DGB PM",IIN18
DGB PM,TOP STICK LONG,G 200,1,"TOP STICK LONG - GB PM, DGB PM",ZQF61
DGB PM,TOP STICK SHORT,G 200,1,"TOP STICK SHORT - GB PM, DGB PM",GZA90
DGB PM,LEG POST,G 200,3,"LEG POST - GB PM, DGB PM",MYZ63
DGB PM,LEG GIRDER,G 200,1,"LEG GIRDER - GB PM, DGB PM",AOU56
DGB PM,LEG GIRDER DGB,G 200,2,LEG GIRDER DGB - DGB PM,JHW63
DGB PM,LID PROF CUP,G 200,2,"LID PROF CUP - GB PM, DGB PM",XII16
DGB PM,PEDAL BOX,G 200,1,"PEDAL BOX - GB PM, DGB PM",JQN45
DGB PM,PEDAL POST DGB,G 200,2,PEDAL POST DGB - DGB PM,BIY14
DGB PM,MUSIC SUPPORT,G 200,1,"MUSIC SUPPORT - GB PM, DGB PM",AJQ50
DGB PM,MUSIC DESK,G 200,1,"MUSIC DESK - GB PM, DGB PM",NGO42
DGB PM,MUSIC SHELF R/L,G 200,1,"MUSIC SHELF R/L - GB PM, DGB PM",HHF50
DGB PM,MUSIC FRONT RAIL,G 200,1,"MUSIC FRONT RAIL - GB PM, DGB PM",FXE35
GB PAW,SIDE BOARD,G 130,1,"SIDE BOARD - GB PAW, DGB PAW",LVP32
GB PAW,KEY BED,G 130,1,KEY BED - GB PAW,DCA77
GB PAW,FRONT BEAM,G 130,1,"FRONT BEAM - GB PAW, DGB PAW",RML63
GB PAW,LEG BLOCK LONG,G 130,1,"LEG BLOCK LONG - GB PAW, DGB PAW",KYA57
GB PAW,LEG BLOCK SHORT,G 130,1,"LEG BLOCK SHORT - GB PAW, DGB PAW",QRS47
GB PAW,KEY BLOCK R/L,G 150,1,"KEY BLOCK R/L - GB PAW, DGB PAW",WBA43
GB PAW,KEY SLIP,G 150,1,"KEY SLIP - GB PAW, DGB PAW",BVO79
GB PAW,TOP STICK LONG,G 200,1,"TOP STICK LONG - GB PAW, DGB PAW",LCS98
GB PAW,TOP STICK SHORT,G 200,1,"TOP STICK SHORT - GB PAW, DGB PAW",QHR67
GB PAW,LEG POST,G 200,3,"LEG POST - GB PAW, DGB PAW",MRL97
GB PAW,LEG GIRDER,G 200,3,"LEG GIRDER - GB PAW, DGB PAW",KMW76
GB PAW,LID PROF CUP,G 200,2,"LID PROF CUP - GB PAW, DGB PAW",GAA22
GB PAW,PEDAL BOX,G 200,1,"PEDAL BOX - GB PAW, DGB PAW",MID86
GB PAW,PEDAL POST,G 200,2,PEDAL POST - GB PAW,LEN53
GB PAW,MUSIC SUPPORT,G 200,1,"MUSIC SUPPORT - GB PAW, DGB PAW",YRX68
GB PAW,MUSIC DESK,G 200,1,"MUSIC DESK - GB PAW, DGB PAW",SDU56
GB PAW,MUSIC SHELF R/L,G 200,1,"MUSIC SHELF R/L - GB PAW, DGB PAW",XSF72
GB PAW,MUSIC FRONT RAIL,G 200,1,"MUSIC FRONT RAIL - GB PAW, DGB PAW",KXY75
DGB PAW,SIDE BOARD,G 130,1,"SIDE BOARD - GB PAW, DGB PAW",LVP32
DGB PAW,KEY BED,G 130,1,KEY BED - DGB PAW,FQZ59
DGB PAW,FRONT BEAM,G 130,1,"FRONT BEAM - GB PAW, DGB PAW",RML63
DGB PAW,LEG BLOCK LONG,G 130,1,"LEG BLOCK LONG - GB PAW, DGB PAW",KYA57
DGB PAW,LEG BLOCK SHORT,G 130,1,"LEG BLOCK SHORT - GB PAW, DGB PAW",QRS47
DGB PAW,KEY BLOCK R/L,G 150,1,"KEY BLOCK R/L - GB PAW, DGB PAW",WBA43
DGB PAW,KEY SLIP,G 150,1,"KEY SLIP - GB PAW, DGB PAW",BVO79
GB PAW,PEDAL ROD GUIDE,G 200,1,"PEDAL ROD GUIDE - GB PAW, DGB PAW",YPJ48
GB PAW,PEDAL BOTTOM,G 200,1,PEDAL BOTTOM - GB PM,VFO18
GB PAW,PEDAL BLOCK,G 200,1,"PEDAL BLOCK - GB PAW, DGB PAW",RBP28
GB PAW,FALL BOARD,G 200,1,"FALL BOARD - GB PAW, DGB PAW",JZC80
GB PAW,TOP BOARD FRONT,G 200,1,"TOP BOARD FRONT - GB PAW, DGB PAW",OZD19
GB PAW,TOP BOARD REAR,G 200,1,"TOP BOARD REAR - GB PAW, DGB PAW",KOR27
DGB PAW,TOP STICK LONG,G 200,1,"TOP STICK LONG - GB PAW, DGB PAW",LCS98
DGB PAW,TOP STICK SHORT,G 200,1,"TOP STICK SHORT - GB PAW, DGB PAW",QHR67
DGB PAW,LEG POST,G 200,3,"LEG POST - GB PAW, DGB PAW",MRL97
DGB PAW,LEG GIRDER,G 200,1,"LEG GIRDER - GB PAW, DGB PAW",KMW76
DGB PAW,LEG GIRDER DGB,G 200,2,LEG GIRDER DGB - DGB PAW,AIZ50
DGB PAW,LID PROF CUP,G 200,2,"LID PROF CUP - GB PAW, DGB PAW",GAA22
DGB PAW,PEDAL BOX,G 200,1,"PEDAL BOX - GB PAW, DGB PAW",MID86
DGB PAW,PEDAL POST DGB,G 200,2,PEDAL POST DGB - DGB PAW,OFZ55
DGB PAW,MUSIC SUPPORT,G 200,1,"MUSIC SUPPORT - GB PAW, DGB PAW",YRX68
DGB PAW,MUSIC DESK,G 200,1,"MUSIC DESK - GB PAW, DGB PAW",SDU56
DGB PAW,MUSIC SHELF R/L,G 200,1,"MUSIC SHELF R/L - GB PAW, DGB PAW",XSF72
DGB PAW,MUSIC FRONT RAIL,G 200,1,"MUSIC FRONT RAIL - GB PAW, DGB PAW",KXY75
GB FP,SIDE BOARD,G 130,1,SIDE BOARD - GB FP,ZXR63
GB FP,KEY BED,G 130,1,KEY BED - GB FP,QVA96
GB FP,FRONT BEAM,G 130,1,FRONT BEAM - GB FP,VPH45
GB FP,LEG BLOCK LONG,G 130,1,LEG BLOCK LONG - GB FP,OYE31
GB FP,LEG BLOCK SHORT,G 130,1,LEG BLOCK SHORT - GB FP,SQP74
GB FP,KEY BLOCK R/L,G 150,1,KEY BLOCK R/L - GB FP,VRI97
GB FP,KEY SLIP,G 150,1,KEY SLIP - GB FP,MEK29
GB FP,TOP STICK LONG,G 200,1,TOP STICK LONG - GB FP,SEI30
GB FP,TOP STICK SHORT,G 200,1,TOP STICK SHORT - GB FP,IFP62
GB FP,LEG POST,G 200,3,LEG POST - GB FP,OHT30
GB FP,LEG GIRDER,G 200,3,LEG GIRDER - GB FP,MIE72
GB FP,LID PROF CUP,G 200,2,LID PROF CUP - GB FP,VFG10
GB FP,PEDAL SUPPORT ( FP & G ),G 200,2,PEDAL SUPPORT ( FP & G ) - GB FP,UEP11
GB FP,PEDAL SUPPORT BRACKET  ( FP & G ),G 200,2,PEDAL SUPPORT BRACKET  ( FP & G ) - GB FP,ENC91
GB FP,PEDAL BOX,G 200,1,PEDAL BOX - GB FP,KHQ33
GB FP,PEDAL POST,G 200,2,PEDAL POST - GB FP,BQQ64
GB FP,BENCH ASSY ( FP & G ),G 200,1,BENCH ASSY ( FP & G ) - GB FP,VNA34
GB FP,MUSIC SUPPORT,G 200,1,MUSIC SUPPORT - GB FP,ZZT10
GB FP,MUSIC DESK,G 200,1,MUSIC DESK - GB FP,GMI67
GB FP,MUSIC SHELF R/L,G 200,1,MUSIC SHELF R/L - GB FP,IQW26
GB FP,MUSIC FRONT RAIL,G 200,1,MUSIC FRONT RAIL - GB FP,SLC43
GB G,SIDE BOARD,G 130,1,SIDE BOARD - GB G,XLD96
GB G,KEY BED,G 130,1,KEY BED - GB G,VXQ31
GB G,FRONT BEAM,G 130,1,FRONT BEAM - GB G,VZS57
GB G,LEG BLOCK LONG,G 130,1,LEG BLOCK LONG - GB G,LPN32
GB G,LEG BLOCK SHORT,G 130,1,LEG BLOCK SHORT - GB G,LMH86
GB G,KEY BLOCK R/L,G 150,1,KEY BLOCK R/L - GB G,RCY78
GB G,KEY SLIP,G 150,1,KEY SLIP - GB G,QGN94
GB FP,PEDAL ROD GUIDE,G 200,1,PEDAL ROD GUIDE - GB FP,QBE57
GB FP,PEDAL BOTTOM,G 200,1,PEDAL BOTTOM - GB FP,HGC57
GB FP,PEDAL BLOCK,G 200,1,PEDAL BLOCK - GB FP,LFE89
GB FP,FALL BOARD,G 200,1,FALL BOARD - GB FP,FCP20
GB FP,TOP BOARD FRONT,G 200,1,TOP BOARD FRONT - GB FP,BDK38
GB FP,TOP BOARD REAR,G 200,1,TOP BOARD REAR - GB FP,IOP71
GB G,TOP STICK LONG,G 200,1,TOP STICK LONG - GB G,KSH58
GB G,TOP STICK SHORT,G 200,1,TOP STICK SHORT - GB G,FZS65
GB G,LEG POST,G 200,3,LEG POST - GB G,VUQ67
GB G,LEG GIRDER,G 200,3,LEG GIRDER - GB G,TXK34
GB G,LID PROF CUP,G 200,2,LID PROF CUP - GB G,PRV94
GB G,PEDAL SUPPORT ( FP & G ),G 200,2,PEDAL SUPPORT ( FP & G ) - GB G,YUW70
GB G,PEDAL SUPPORT BRACKET  ( FP & G ),G 200,2,PEDAL SUPPORT BRACKET  ( FP & G ) - GB G,JWD82
GB G,PEDAL BOX,G 200,1,PEDAL BOX - GB G,ZCQ74
GB G,PEDAL POST,G 200,2,PEDAL POST - GB G,WVW54
GB G,BENCH ASSY ( FP & G ),G 200,1,BENCH ASSY ( FP & G ) - GB G,AAV66
GB G,MUSIC SUPPORT,G 200,1,MUSIC SUPPORT - GB G,FTE71
GB G,MUSIC DESK,G 200,1,MUSIC DESK - GB G,PPO75
GB G,MUSIC SHELF R/L,G 200,1,MUSIC SHELF R/L - GB G,SHG22
GB G,MUSIC FRONT RAIL,G 200,1,MUSIC FRONT RAIL - GB G,MSH63
DGB PE,PEDAL ROD GUIDE,G 200,1,"PEDAL ROD GUIDE - GB PE, GN2 PE, DGB PE",PSM23
DGB PE,PEDAL BOTTOM,G 200,1,PEDAL BOTTOM - DGB PE,ZSQ62
DGB PE,PEDAL BLOCK,G 200,1,"PEDAL BLOCK - GB PE, GN2 PE, DGB PE",IPU76
GB PWH,PEDAL ROD GUIDE,G 200,1,"PEDAL ROD GUIDE - GB PWH, GN2 PWH, DGB PWH",EIS48
GB PWH,PEDAL BOTTOM,G 200,1,"PEDAL BOTTOM - GB PWH, GN2 PWH",VSQ71
GB PWH,PEDAL BLOCK,G 200,1,"PEDAL BLOCK - GB PWH, GN2 PWH, DGB PWH",AHF39
DGB PM,PEDAL ROD GUIDE,G 200,1,"PEDAL ROD GUIDE - GB PM, DGB PM",KAV99
DGB PM,PEDAL BOTTOM,G 200,1,PEDAL BOTTOM - DGB PM,NDV80
DGB PM,PEDAL BLOCK,G 200,1,"PEDAL BLOCK - GB PM, DGB PM",ZFS13
DGB PAW,PEDAL ROD GUIDE,G 200,1,"PEDAL ROD GUIDE - GB PAW, DGB PAW",YPJ48
DGB PAW,PEDAL BOTTOM,G 200,1,PEDAL BOTTOM - DGB PAW,XQU59
DGB PAW,PEDAL BLOCK,G 200,1,"PEDAL BLOCK - GB PAW, DGB PAW",RBP28
GB G,PEDAL ROD GUIDE,G 200,1,PEDAL ROD GUIDE - GB G,HZY76
GB G,PEDAL BOTTOM,G 200,1,PEDAL BOTTOM - GB G,KNK30
GB G,PEDAL BLOCK,G 200,1,PEDAL BLOCK - GB G,ELQ33
DGB PE,FALL BOARD,G 200,1,"FALL BOARD - GB PE, GN2 PE, DGB PE",JJG79
DGB PE,TOP BOARD FRONT,G 200,1,"TOP BOARD FRONT - GB PE, DGB PE",RDU27
DGB PE,TOP BOARD REAR,G 200,1,"TOP BOARD REAR - GB PE, DGB PE",OLI22
GB PWH,FALL BOARD,G 200,1,"FALL BOARD - GB PWH, GN2 PWH, DGB PWH",ZTZ69
GB PWH,TOP BOARD FRONT,G 200,1,"TOP BOARD FRONT - GB PWH, DGB PWH",CGN64
GB PWH,TOP BOARD REAR,G 200,1,"TOP BOARD REAR  - GB PWH, DGB PWH",LYL49
DGB PM,FALL BOARD,G 200,1,"FALL BOARD - GB PM, DGB PM",QRU45
DGB PM,TOP BOARD FRONT,G 200,1,"TOP BOARD FRONT - GB PM, DGB PM",XFM73
DGB PM,TOP BOARD REAR,G 200,1,"TOP BOARD REAR - GB PM, DGB PM",IIN18
DGB PAW,FALL BOARD,G 200,1,"FALL BOARD - GB PAW, DGB PAW",JZC80
DGB PAW,TOP BOARD FRONT,G 200,1,"TOP BOARD FRONT - GB PAW, DGB PAW",OZD19
DGB PAW,TOP BOARD REAR,G 200,1,"TOP BOARD REAR - GB PAW, DGB PAW",KOR27
GB G,FALL BOARD,G 200,1,FALL BOARD - GB G,SOF47
GB G,TOP BOARD FRONT,G 200,1,TOP BOARD FRONT - GB G,MDB93
GB G,TOP BOARD REAR,G 200,1,TOP BOARD REAR - GB G,VEL65
